Category,job_id,title,location,experience_level,required_edu,text
ACCOUNTANT,3888411445,Sr. Staff Accountant,"Dallas, TX",Mid-Senior level,0,"Sr. Staff Accountant. Want to learn more about this role and Jobot? Click our Jobot logo and follow our LinkedIn page! Job details Staff Accountant / Hybrid (2 days in office) / Rapidly Growing Company This Jobot Job is hosted by Stefan Woods Are you a fit? Easy Apply now by clicking the ""Easy Apply"" button and sending us your resume. Salary $65,000 - $80,000 per year A Bit About Us A network of best-in-class physicians who have joined together to provide superior clinical outcomes for our patients Why join us? The people are the best in the industry, and that results in a great working environment. We offer a complete benefits package to all qualifying employees, including medical, dental, vision insurance, 401K profit sharing, paid time off, paid holidays, and additional optional benefits. Job Details Responsibilities/Duties/Functions/Tasks Prepare consolidated internal and external financial statements by gathering and analyzing information from the general ledger system and from departments Analyze information and options by developing spreadsheet reports, verifying information Prepare general ledger entries by maintaining records and files, reconciling accounts Prepare payments by accruing expenses; assigning account numbers; requesting disbursements; reconciling accounts Develop and implements accounting procedures by analyzing current procedures, recommending changes Answers accounting and financial questions by researching and interpreting data Provides accounting support for mergers and acquisitions by reviewing financial information; converting data to general ledger system; obtaining supplementary information for preparing financial statements Protects organization's value by keeping information confidential Updates job knowledge by participating in educational opportunities; reading professional publications; maintaining personal networks; participating in professional organizations Accomplishes accounting and organization mission by completing related results as needed Inter"
ACCOUNTANT,3903448599,Cost Accountant,"Raleigh, NC",Associate,0,"Cost Accountant. Company Overview: Sensaria is a leader in the Wall Decor and Print-On-Demand industry. We operate 8+ e-commerce storefronts, two business-to-business brands, in-house art creation, and coast-to-coast production facilities. Sensaria brings moments and art to life. We are proud to be a leading innovator in our industry, enabling more for customers -more products, more quality and speed. We are enthusiastic, we think bigger and work hard to unlock opportunity and achieve incredible results. We are seeking a Cost Accountant to join our team in Raleigh, NC and contribute to our ongoing success. This role is on site, you'll be required to be located at our production facility/offices in Raleigh, NC. We are unable to provide sponsorship at this time. Position Mission You’ll be responsible for creating and monitoring standard cost metrics across the company as well as analyzing and reporting on purchase and manufacturing variances. We are looking to establish and maintain a perpetual inventory system, and this role will be an integral part of that and ensuring the integrity thereof. This role will work in close collaboration with supply chain, purchasing, production, and warehousing departments. You will be deeply involved in change management, as well as systems improvement and implementation. Who you’ll work with: Supply Chain, Purchasing, Logistics, Production, Warehouse, Operations teams. Essential Duties and Responsibilities: COST ACCOUNTING: Review and maintain standard cost and variance reporting metrics and monthly analyticsAssist in creating bill of material for each product and update periodically as necessaryDevelop cost standards for labor, overhead, and freight by product categoryIn depth knowledge of price, volume, mix, labor and overhead impacts across the organizationEstablish gross margin metrics by product category and make recommendations to management on pricing strategy MONTH END CLOSE: Coordinate and oversee integrity and controls of monthly physical i"
ACCOUNTANT,3901946802,Senior Accounts Receivable Accountant,"Santa Monica, CA",Mid-Senior level,0,"Senior Accounts Receivable Accountant. GumGum is a contextual-first, global digital advertising platform that uses advanced AI technology to serve captivating creative ads that drive consumer attention, without the use of personal data. At GumGum, we don’t need to know who you are to deliver relevant and engaging ads that align with your active frame of mind. We believe that a digital advertising industry based on context rather than personal data builds a more equitable and less invasive future for the internet and is better for consumers, publishers and advertisers alike. Our blueprint for the future, The Mindset Matrix™, combines the power of context and creative in digital advertising to deliver superior attention and drive consumer action without sacrificing personal data. To be a part of this next phase of digital advertising that prioritizes data privacy, please visit www.gumgum.com/careers GumGum’s Accounting Department ensures the accuracy, organization, and timely reporting of the company’s domestic and international financial operations. Our accountants perform financial functions related to the collection, analysis, and presentation of the company’s finances. They manage our general ledger, analyze accounts, prepare financial statements and produce comprehensive financial reports for management- all integral and vital to the company’s growth and success. GumGum’s Accounting and Finance Department is seeking a Sr. Accounts Receivable (AR) Accountant who will be an exceptional addition to our team. As a Sr. AR Accountant, you will report to the Accounts Receivable Manager and be responsible for invoicing, posting cash receipts, managing collections, and preparing journal entries and conducting analysis related to the AR function. The ideal candidate will be proactive, self-directed and team oriented with strong billing and collections experience and the resourcefulness to take on a variety of assignments. This position offers the opportunity for remote work or 'work from home' offering GumGumme"
ACCOUNTANT,3891095535,Senior Accountant,"Gettysburg, PA",Mid-Senior level,0,"Senior Accountant. The ideal candidate will have substantial exposure to monthly closing processes, forecasting and budgeting, and customer billing. They will be organized and approach each issue with an analytical mindset. ResponsibilitiesEnsure business transactions are reported in accordance with generally accepted accounting principlesWork closely with team members to assist with the month-end closeAssist with the annual audit process including the draft of the financial statements and related notesResearch and analyze expense variances for company management Qualifications 3+ years' of professional accounting experienceBachelor's degree in Accounting, Finance, or Economics or equivalent experience"
ACCOUNTANT,3902876607,Senior Cost Accountant (85K-95K+Bonus),"Dallas, TX",Mid-Senior level,3,"Senior Cost Accountant (85K-95K+Bonus). We are looking to fill a Senior Cost Accountant position with a manufacturing company in Dallas. This company is looking to expand their growing team so this is a newly created position. This job is an ideal fit for someone with a background in cost accounting, who’s looking to take the next step up in their career. The company offers great work work-life balance and an opportunity for a flexible schedule. This position pays 85K-95K plus bonus. Responsibilities Include:· Perform manufacturing cost accounting activities including inventory reconciliation, standard cost reviews, and analysis of manufacturing variances· Perform standard cost reviews and analysis· Develop, maintain, and review standard costs of material· Review and analyzes actual costs to identify inaccuracies· Review inventory cycle count process and results· Support general ledger month-end closing activities· Performs other related duties as assigned Qualifications Include:· Bachelor’s Degree in Accounting· 4+ years of Cost Accounting Experience· Larger ERP experience and strong Excel Skills (Vlookups, Pivot Table)· Excellent analytical skills and ability to work with complex costing· Manufacturing background required If you are interested in this job or other Accounting and Finance career opportunities from LHH please email Rami Muhanna at rami.muhanna@lhh.com or visit our website at www.lhh.com"
ADVOCATE,3901354555,Family Law Attorney,"Fort Collins, CO",,0,"Family Law Attorney. Edmonds & Logue is expanding its business! Get in on the ground floor and build a career! We are seeking a family law attorney to join our Fort Collins, CO office. Candidates must:Have at least 1 to 3 years’ experience in all aspects of family law. Our Ideal Candidate:1. Has a passion for providing exceptional client service. 2. Has the drive and the desire to help expand our firm, with the goal of eventually being considered for a partnership role.3. Is self-motivated and driven.4. Has the ability to work independently, while working in a team environment.5. Has a Juris Doctorate and can practice in all Courts in Colorado, licensure in additional states is a plus but not required. Some portable business is favored but not required for this position. Benefits of Working for Edmonds & Logue:1. A dedicated and experienced litigation staff. 2. A work environment that is focused on professional success while having a healthy life balance.3. The ability to work flexible hours, and some remote work is possible. 4. Flexible billing requirements5. Health, dental and vision insurance benefits6. Retirement plan with matching contributions 7. Paid Vacation Compensation:Depends on experience and productivity and can range from $100K – $250K+ annually, including bonuses. If you are interested in learning more about our firm and to be considered for this opportunity, please email a letter of interest and resume to jeffl@edmondslogue.com."
ADVOCATE,3886205413,Fund/Securities Transactional Attorney,"Dallas, TX",Mid-Senior level,0,"Fund/Securities Transactional Attorney. Want to learn more about this role and Jobot? Click our Jobot logo and follow our LinkedIn page! Job details Elevate Your Career Fund/Securities Transactional Attorney Opportunity This Jobot Job is hosted by Hunter Dahlstrom Are you a fit? Easy Apply now by clicking the ""Easy Apply"" button and sending us your resume. Salary $250,000 - $325,000 per year A Bit About Us Join a distinguished law firm with offices across Delaware, Florida, Maryland, New Jersey, New York, and Texas! We are currently seeking experienced corporate attorneys with expertise in fund formation, governance, transactions, and securities matters. If you're seeking a challenging and rewarding career opportunity, we invite you to apply. Apply here and contact Hunter Dahlstrom directly for details at hunter@jobot.com or 248.636.2434 (direct cell #) Why join us? As a member of our team, you'll have the opportunity to work on sophisticated fund and securities transactions while enjoying a supportive and collaborative work environment. We offer a competitive starting salary, a comprehensive benefits program, and opportunities for professional growth and development. Job Details Responsibilities Handle fund formation, governance, and transactions, as well as securities matters. Provide high-quality legal services to clients with dedication and professionalism. Collaborate with colleagues to achieve client objectives and maintain the highest standards of excellence. Contribute to our firm's dynamic and inclusive culture. Qualifications 7+ years of experience in fund formation, governance, transactions, and/or securities matters. Applicable bar admission is required for the respective office location. Strong academic credentials and excellent oral and written communication skills. Interested in hearing more? Easy Apply now by clicking the ""Easy Apply"" button. Want to learn more about this role and Jobot? Click our Jobot logo and follow our LinkedIn page!"
ADVOCATE,3902353284,Housing Attorney,"Kalamazoo, MI",,0,"Housing Attorney. Who We Are: We are a non-profit law firm that proudly delivers free legal assistance to communities in 17 Southwest Michigan counties with offices in Grand Rapids, Kalamazoo, Muskegon, Holland, and St.Joseph. We protect rights, challenge injustice, and fight poverty through free legal advocacy for peopleand families. Our civil legal work involves eviction defense and preventing homelessness, securingindependence and safety for survivors of domestic abuse, ensuring that people have the basic income.they need to meet the necessities of life, and more. LAWM is an equal opportunity employer, and weseek to build a diverse and inclusive team in order to best meet the needs of our client communities.Position: Legal Aid of Western Michigan (LAWM) has a position open for a Staff Attorney in itsKalamazoo office. This is a grant-funded position working in eviction defense. We expect this position tobe funded through December 2024.Responsibilities: • Conduct intake appointments with clients seeking legal help for housing-related issues.• Manage a litigation caseload that focuses on eviction defense and housing law.• Successfully manage multiple tasks; and• Build collaborative relationships within the community.Qualifications: • A license to practice law in Michigan or eligible to be admitted by waiver or able to take the next Michigan bar exam.• Demonstrated commitment to provide access to justice for low-income individuals and households; and • Excellent written and oral communication skills. Salary/Benefits: Full-time salary from $63,000 depending on experience. We offer an additional $2,520 annual stipend for an individual who is bilingual and biliterate in English and Spanish. We are committed to promoting healthy work/life balance, and our staff enjoy:• Office hours- Monday through Friday 8:30AM to 4:30 PM • Generous annual leave and sick leave• Thirteen paid holidays per year• HMO and HSA health insurance options, as well as a payout option for staff who do not require he"
ADVOCATE,3886456793,Corporate Paralegal,"Boston, MA",Mid-Senior level,3,"Corporate Paralegal. Burns & Levinson LLP, a mid-sized, Boston-based law firm, is seeking an experienced paralegal to join its Business Law and Corporate Department. This individual will work closely with the attorneys on a wide variety of business and transactions, including private equity investments, venture capital financing, mergers and acquisitions, and commercial loan transactions. Other duties will include frequent interaction with domestic and international clients, entity formations and maintenance, drafting of governance documents and consents, preparation and filing of UCC financing statements, securities filings, and other tasks assigned by attorneys. Experience with corporate management software is helpful. Qualified candidates will be enthusiastic team players, with strong attention to detail, the ability to meet deadlines and to work independently on multiple matters. Excellent communication and organizational skills are essential. Applicants should hold a bachelor's degree with a minimum of 5 years of broad corporate paralegal experience. Burns & Levinson prides itself on amazing clients, and we live our values by hiring the best individuals to bring our teams full circle. You'll find interesting work, the support you need, and colleagues who are often the best in their field. We're committed to attracting, cultivating, and retaining top talent by investing in professional development, enabling our teammates to thrive and our teams to amaze. We value collaboration and communication with an ""open-door policy,"" encouraging all legal and professional personnel to exchange ideas, express views and share observations in the workplace. We offer a competitive salary and benefits package in a great working environment. Burns is an Equal Opportunity Employer."
ADVOCATE,3906252395,"Vice President, Fund Formation Legal Counsel","San Francisco, CA",,0,"Vice President, Fund Formation Legal Counsel. R240751 Description About this role We are searching for an attorney to support BlackRock’s suite of collective investment funds (CIFs), with a focus on providing legal advice with respect to fund formation, disclosure documents, governance matters and portfolio management matters. The candidate must be able to directly manage, coordinate, and advise across a wide variety of business and operations teams on CIF related regulatory, compliance and commercial issues and risks. Responsibilities Provide legal advice in connection with the launch of new CIFs and changes to existing CIFs, including legal advice related to fund formation, disclosure documents, governance matters and portfolio management matters.Draft various CIF governing and disclosure documents, maintain these CIF governing and disclosure documents by conducting appropriate review and update initiatives, and support business and operations teams in ensuring consistency with these CIF governing and disclosure documents.Coordinate closely with the team of paralegals who support the drafting and maintenance of CIF governing and disclosure documents.Coordinate closely with other internal teams of lawyers/paralegals who have similar disclosure related responsibilities for other types of pooled funds, to ensure consistency across disclosures as appropriate.Coordinate closely with outside counsel on disclosure related engagements.Provide legal advice on a variety of legal issues relating to CIF more generally and the provision of investment management, securities lending and other fiduciary services to institutional clients. Requirements J.D. with at least five years’ experience as a lawyer in a major law firm or in the legal department of a leading financial services organization.Experience with the U.S. federal securities laws that pertain to investment management and investment companies (including the Investment Advisers Act and the Investment Company Act) and with U.S. bank fiduciary laws and regulations. F"
AGRICULTURE,3905859139,Agronomy Sales Representative,"Selby, SD",Entry level,0,"Agronomy Sales Representative. CHS Inc. is a leading global agribusiness owned by farmers, ranchers and cooperatives across the United States that provides grain, food and energy resources to businesses and consumers around the world. We serve agriculture customers and consumers across the United States and around the world. Most of our 10,000 employees are in the United States, but today we have employees in 19 countries. At CHS, we are creating connections to empower agriculture. Summary CHS has an exciting opportunity in Selby, SD. We are looking for a motivated self-starter to join our growing agriculture organization to be an Agronomy Sales Representative. You will work with farmers, ranchers, and producers to promote the proper use of crop protection products plant food, seed and other services offered at the cooperative to area producers by making on-the-farm sales presentations. The ideal candidate will have a strong mathematical aptitude and the ability to formulate fertilizer applications. Responsibilities Execute sales plans to achieve sales goals and increase profitability through implementation of sales, marketing and consulting processes for products and services.Evaluate current customer programs and develop sales and marketing plans and programs to meet complex business needs while growing the business.Collaborate with sales, marketing, distribution, operations, technical staff, and credit to heighten the visibility and impact of sales calls and improve efficiency and profitability.Facilitate positive long-term relationships with suppliers and customers to create long term repeat business. Identify needs and provide consultative services for businesses and customers by combining established relationships with product, marketing, and technical skills.Prepare sales presentations, contracts, bids, and proposals to ensure successful outcome of transactions. Provide training to staff and customers.Demonstrate effective cross-selling success achieving progressive customer share of walle"
AGRICULTURE,3905872105,Parts Counter Sales Representative ~Lawn & Agriculture,"Middletown, OH",Entry level,0,"Parts Counter Sales Representative ~Lawn & Agriculture. Description:Buckeye Power Sales is a Growth-Oriented Company Seeking a Parts Counter Sales Representative for our Lawn and Agriculture division!Buckeye Power Sales has been providing on site power solutions for businesses, contractors, engineers, municipalities and homeowners since 1947, which makes us the oldest Kohler generator distributor in the country. We are also a distributor of Siemens Energy engines and generators for a wide range of power generation applications such as combined heat and power, waste to power, prime, and continuous. From power generation to light construction to grounds care – we have the machines, equipment, parts, programs & service to help you get the job done. If You Are Seeking:Daily ChallengesOwnership of Your RoleA Friendly Team EnvironmentA Place to Work that feels like FamilyStabilityAnd You Are:DedicatedSeeking Constant ImprovementProfessionalMotivated by ResultsAccountableThen We Have the Opportunity for You! Our Parts Sales Representatives are responsible for:Looking up parts for customersServicing outside customer accountsStocking shelves in showroomProcessing web ordersAnswering phones and providing quality customer service Buckeye Power Sales offers a great benefit package including:Competitive pay with IncentivesAdvancement OpportunitiesExcellent Benefit Package (Health, Dental, Vision, 401k, Company Paid STD/LTD/Life, AND MORE)Paid Time Off (Vacation, Parental Bonding, Jury Duty, Bereavement, Volunteering) To Find More Reasons You Want to Work for Us at Buckeye Power Sales, visit:YouTube: youtube.com/buckeyepowersalesFacebook: facebook.com/BuckeyePowerSalesLinkedIn: linkedin.com/company/buckeyepowersalesTwitter: twitter.com/buckeyepowersls Salary is based on skills and experience. ** Military Friendly, DFWP, EOERequirements:Conforms with the Core Values of Buckeye Power SalesGeneral knowledge of Outdoor Power EquipmentRetail Experience is a plusFamiliar with small engine internal combustion engine operations: 2&4 cyclePrio"
AGRICULTURE,3888973764,Lead Agricultural Technician,"Holyoke, CO",Mid-Senior level,0,"Lead Agricultural Technician. We are currently seeking a highly skilled Lead Agricultural Technician with over 10 years of hands-on experience in performing service repairs, with a focus on CASE IH, New Holland and/or John Deere equipment. The ideal candidate will excel in conducting basic repairs and essential maintenance using specialized tools and equipment, following Technical Manual procedures with precision. Responsibilities Execute service repairs on a variety of agricultural equipment, specializing in CASE IH and John Deere.Perform basic repairs and routine maintenance utilizing specialized tools and equipment as per Technical Manual guidelines.Demonstrate proficient knowledge of mechanical, electrical, and hydraulic systems crucial to the repair process.Utilize expertise in Ag/Farming background (helpful but not mandatory) to enhance repair and maintenance procedures.Operate Service Advisor and showcase basic computer proficiency for efficient workflow.Use vehicles and equipment for diagnostic purposes, ensuring accuracy and thorough assessments. Qualifications 10+ years of experience in service repairs, particularly with CASE IH, New Holland and/or John Deere equipment.Proven ability to perform basic repairs and maintenance following Technical Manual procedures.Strong knowledge of mechanical, electrical, and hydraulic systems relevant to the agricultural repair industry.Familiarity with Ag/Farming practices is advantageous but not mandatory.Proficiency in using Service Advisor and basic computer functions.Capability to operate vehicles and equipment for diagnostic purposes.Must have combine tech experience. Benefits Competitive compensation package.Health insurance coverage.401k opportunities for financial stability.Professional development and training programs. If you're a seasoned Agricultural Technician with the expertise to lead and drive excellence in service repairs, we invite you to apply and become an integral part of our dynamic team. Join us as we continue to make a positive"
AGRICULTURE,3900943337,US Agriculture and Food Security Equity and Evaluation Specialist (Remote),"Cambridge, MA",Entry level,3,"US Agriculture and Food Security Equity and Evaluation Specialist (Remote). Job Description The World at Abt Solving the world’s most pressing issues and improving the quality of life for people worldwide is what we do every day at Abt Global. Creating a more equitable world is no small task, but we are driven by big challenges. We are a team of 3,000+ people in over 50 countries working in unison and focused on the bigger picture. Only by sharing our commitment, energy, and innovation do we affect change and push the boundaries of what’s possible. We welcome diverse ideas, backgrounds, and viewpoints – joining Abt means access to exceptional thinkers at the top of their game. To thrive at Abt is to embrace flexibility and collaboration. Our open culture allows you to balance your work and personal life as needed to optimize personal well-being. Creating a more equitable world starts from within – we look after people around the world, and we’ll do the same for you. Ready to embrace rewarding and meaningful work? Now’s your chance. The Opportunity As the US Agriculture and Food Security Specialist and Project Director within MERLA (Monitoring, Evaluation, Research, Learning and Adapting) division of the Equity Capability, yo u will help to operationalize and execute an equity led roadmap that supports client needs and staff on projects and new opportunities. You will implement culturally responsive and equitable approaches to monitoring, evaluation, research, learning and adapting and will lead your work in a manner that models and reinforces equity, diversity, inclusion, and accessibility and that elevates Abt’s vision, mission, values, culture, and strategic priorities. Using an equity lens, you will help the team provide support to projects and proposals funded by the US Department of Agriculture (USDA). Projects vary across the USDA’s research and evaluation agenda, including Food and Nutrition Service, Forest Service, Rural Development, and other offices within the Agency. Core Responsibilities Serve in project director role for USDA-f"
AGRICULTURE,3905689361,General Laborer - Agriculture,"Eden, WI",,0,"General Laborer - Agriculture. The General Laborer is responsible for performing general labor functions in the fertilizer plant and providing general help on the plant site to other team members. What Your Day May Look Like Moves products within the plant. Loads trucks. Assists the blender operator in loading bulk trucks. Hangs super sacks for loading. Stacks products on pallets. Provides general assistance in repair maintenance. Performs cleaning duties such as sweeping and washing surfaces. Other work-related duties as assigned by leader. Reliable and regular attendance is expected.Temporary employees are eligible to participate in Helena's 401(k) Savings Plan. Helena matches 100% of employee's contributions based on the employee's contribution rate and years of service with Helena. 3 year vesting on company match with 1,000 hours of service. Education And Experience Needed For This Position A high school diploma or equivalent is preferred. Must pass a drug test and background check. Other Skills That Will Help You Succeed Ability to read and write. Ability to operate a forklift.Ability to lift or move at least 50 pounds (based on the location's needs) is required. Your work environment and the physical aspects of the job At Helena, safety is our highest priority. We seek out extensive safety measures and put them in place to minimize exposure to anything that could be potentially harmful to our employees. The work environment for this position is that of a typical warehouse environment where the noise level is usually moderate to loud. In this position, you will regularly work near moving equipment/mechanical parts and could be exposed to fumes, airborne particles, chemical and biological hazards, vibrations and a risk of electrical shock. This position requires you to use your hands for many different tasks and to talk, hear, walk, stand and sit. You may be required to lift or move up to 50 pounds. Who We Are Helena Agri-Enterprises, LLC is one of the nation's foremost agronomy solutions pro"
APPAREL,3903836841,Part Time Mens Apparel Outfitter,"Mesa, AZ",,0,"Part Time Mens Apparel Outfitter. POSITION SUMMARY: The Sales Outfitter performs various Selling / Customer Service activities, to include greeting and acknowledging all customers in a prompt and friendly manner, handling merchandise with care, providing information, assistance, and direction to customers. ESSENTIAL FUNCTIONS: Supports a strong commitment to world class customer service and ensures a pleasant and productive shopping experience for all customers.Insures a pleasant and productive shopping experience for all customersDemonstrates product to customers.Replenishes product on shelves as required per Merchandising guidelines.Remains Product “expert” through ongoing product knowledge training.Remains knowledgeable of advertised sales; maintains pricing and signing.Assists with ""Seasonal"" floor merchandise moves.Restocks merchandise as required.Keeps work area clean, neat and well stocked with supplies.Follows all Company Policies and Procedures.Provides a legendary experience for every customer, every time by assisting customers in making buying decisions by:identifying and evaluating customers' needs,making product recommendations based off of this analysis,promoting programs including, but not limited to CLUB Membership, VOC and In-Store Pick-up.ALL OTHER DUTIES AS ASSIGNED EXPERIENCE/QUALIFICATIONS: Minimum Degree Required: High School education or equivalent experience KNOWLEDGE, SKILLS, AND ABILITY: Ability to calculate figures such as discounts and make change to customersAbility to communicate in a friendly and professional manner to our customers and other associatesAbility to establish and maintain effective working relationships with Management, coworkers and customersAbility to operate computerized Point of Sale register system TRAVEL REQUIREMENTS: N/A PHYSICAL REQUIREMENTS: Constantly stand and/or walk during shiftOccasionally ascend or descend ladders, stairs, ramps, etc.Constantly communicate with others to exchange informationOccasionally repeat motions that may include the w"
APPAREL,3901359128,Sales Associate - Golf Apparel Shop,"Myrtle Beach, SC",Entry level,0,"Sales Associate - Golf Apparel Shop. About The Company Catering to those who enjoy the golf and tennis lifestyle, Golf Apparel Shop Stores feature Perry Ellis International, LLC’s 5 major golf and tennis brands. This a one-stop shop that offers a wide variety of the best our brands have to offer in men’s, women’s, and big and tall apparel. Golf Apparel Shop has the smart options you need to look and perform your best. Summary The Sales Associate’s primary function is to sell and promote Perry Ellis merchandise through the execution of Perry Ellis customer service standards. Their duties include greeting customers when they enter the store, helping customers find specific products or showing them how to use them, and ringing up customer purchases on the POS register. Responsibilities Interacts with customers in a courteous, friendly manner (e.g., maintains eye contact, smiles). Generates maximum sales potential in accordance with the Perry Ellis customer service standards. Builds repeat customer base through excellent PE Loyalty Program data capture. Maintains strong knowledge regarding products, promotions, and special events in order to communicate with customers more effectively. Consistently foster a positive store experience by treating all customers and staff members in a fair and consistent manner. Effectively maintains floor coverage; acknowledges every customer; treats customers with priority over assigned tasks. Consistently productive throughout the entire shift (e.g., effectively uses idle time to replenish products, maintain visual displays, engage with customers, etc.). Consistently reports working on time. Demonstrates flexibility with his/her schedule. Understand individual and store sales goals. Follow all operational policies and procedures. Follows guidance from management to execute visual standards, recovery, and replenishment. Requirements Athletic apparel retail experience preferred Energetic and positive attitude Retail experience is preferred. Strong verbal and written skills. S"
APPAREL,3906230289,Production Associate - Apparel Grader - 2nd Shift,"Phoenix, AZ",,0,"Production Associate - Apparel Grader - 2nd Shift. Requisition Number: 171654 Job Description Cintas is seeking a Production Associate – Apparel Grader - 2nd Shift to support the Rental Division. The Apparel Grader is responsible for accurately examining used customer garments/apparel and rating their long-term usefulness in accordance with policies and standards. Production Associates are expected to maintain the cleanliness of their work area and to meet or exceed a standard for quantity and quality of work. Skills/Qualifications Job Expectations and Eligibility Factors: Work Eligibility (prior to first day of employment) Requirements Qualified candidates must meet all requirements outlined by the Department of Transportation (DOT) for driving a regulated vehicle weighing more than 10,000 lbs. In order to comply with DOT requirements, qualified candidates must, prior to their first day of employment: Have an active driver's license Be at least 21 years of age Obtain a DOT medical certification Provide documentation regarding their previous employment Must be authorized to work in the US. Must be 18 years of age or older. Work Expectations Must adhere to attendance policy.Must be willing to work in a safe proximity to other people for extended periods of time.Must be willing to work in a fast-paced, schedule driven environment where there are time pressures to complete work quickly.Must be willing to use a computerprogram to accomplish work. Physical Qualifications, With Or Without Reasonable Accommodation Requires standing for most of shift.Requires repetitive motions, stretching, bending, turning, or reaching to accomplish work activities. Attributes Of a Great Employee-Partner Attention To Detail: Is thorough and careful about detail when completing work tasks or correcting flaws or mistakes.Work Ethic / Effort: Displays a high level of effort and commitment towards performing work; is hard working and dependable; prioritizes tasks properly to meet deadlines.Interpersonal Skills: Is pleasant with others on the j"
APPAREL,3888938956,Retail Sales - Men's Apparel - The Shops at La Cantera,"San Antonio, TX",Entry level,0,"Retail Sales - Men's Apparel - The Shops at La Cantera. Job Description The ideal Salesperson is passionate about fashion and styling and has the ability to cultivate and grow a customer following, both digitally and in-store. A day in the life… Set and achieve sales goals, for both in-store and digital selling with effective use of selling tools (inclusive of text and social media) Build lasting relationships with customers Give the best service to our customers on their terms Provide honest and confident feedback to customers about style and fit Seek fashion and product knowledge to build your expertise Work with the team to keep the department customer ready, which means filling orders, stocking, re-merchandising, price markdowns, and light cleaning Grow relationships by opening new Nordstrom Rewards program accounts The hours and schedule for this position will vary by week depending on business needs This role may require you to be flexible to occasionally performing work/duties in a department other than the one you were hired into You own this if you have… Excellent communication and people skills A self-motivated, goal oriented focus Strong interest to use networking and technology to achieve sales goals The ability to excel in a team environment The ability to prioritize multiple tasks in a fast-paced environment Organization and follow through The ability to work a flexible schedule based on business needs We’ve got you covered… Our employees are our most important asset and that’s reflected in our benefits. Nordstrom is proud to offer a variety of benefits to support employees and their families, including: Medical/Vision, Dental, Retirement and Paid Time AwayLife Insurance and DisabilityMerchandise Discount and EAP Resources A few more important points... The job posting highlights the most critical responsibilities and requirements of the job. It’s not all-inclusive. There may be additional duties, responsibilities and qualifications for this job. Nordstrom will consider qualified applicants with criminal hi"
APPAREL,3905298904,Designated Selling Associate - Zegna Men's Apparel - Tysons Corner Center,"McLean, VA",Entry level,0,"Designated Selling Associate - Zegna Men's Apparel - Tysons Corner Center. Job Description The ideal DSA (Designated Selling Associate) Salesperson is passionate about fashion, enjoys working one-on-one with customers and thrives in a sales environment. DSAs drive volume for Nordstrom while championing the brand they represent. DSAs are leaders in customer service, product knowledge education, merchandising, and selling. They drive sales by knowing brand performance, cultivate relationships with both existing and new customers, and educate peers on brand trends, product knowledge, and style. A day in the life… Set and achieve sales goals, for both in-store and digital selling with effective use of selling tools (inclusive of text and social media), and reservations Build lasting relationships with customers Give the best service to our customers on their terms, which may require all employees to be flexible and open to occasionally performing work/duties in a department (or Brand) other than the one you were hired into Provide honest and confident feedback to customers about style, fit and the value the piece will bring to their wardrobe Seek fashion and product knowledge, including attending meetings and trainings, to build your expertise Build relationships with other DSAs, Stylists, and surrounding departments by conducting DSA-run product knowledge meetings Provide valid product feedback to DM to help better the assortment received at your store Drive predictable business through appointment-based selling during event and non-event timeframes Work with the team to keep the department customer ready, which means stocking, re-merchandising, display, price markdowns, merchandise transfers and cleaning Grow sales by opening new Nordstrom Rewards program accounts The hours and schedule for this position will vary by week depending on business needs You own this if you have… Excellent communication and interpersonal skills to establish rapport with customers to cultivate relationships The ability to excel in a competitive team environment Th"
ARTS,3905848455,Jewelry Artist,"Pocono, PA",,0,"Jewelry Artist. Company Description we suggest you enter details here. Role Description This is a full-time on-site role for a Jewelry Maker at Tracy Gross Design located in Pocono, PA. As a Jewelry Maker, you will be responsible for creating and designing unique and high-quality jewelry pieces. You will work closely with the design team to create custom designs, select materials, and assemble the final products. Attention to detail and a passion for craftsmanship are key for this role. Qualifications Experience in jewelry making and designProficiency in various jewelry-making techniques, such as soldering, sawing, stone setting, and polishingKnowledge of different metals and gemstonesAbility to read and interpret jewelry design drawings and specificationsStrong attention to detail and craftsmanshipCreativity and ability to bring unique design ideas to lifeExcellent hand-eye coordination and manual dexterityStrong organizational and time management skillsGood communication and collaboration skillsAbility to work independently and as part of a team"
ARTS,3814546942,MultiMedia Art Director,"Raleigh, NC",,0,"MultiMedia Art Director. Overview:When a strategy is approved, you know it’s your time to shine. As a true practitioner and expert in marrying narrativeand visual design to a strategy, you’re in your element when you sweat the details. You are a master at choosingcolors, fonts, kerning, and spacing, and have a sense of deep satisfaction when you pull it all together to guide theappearance of the finished product. To ensure your aesthetics are carried through, you welcome the chance tooversee a project or marketing campaign and enjoy being involved in all stages of the process. As a valued teammember, you readily chime in with guidance, constructive criticism, motivation, and ideas. The Multimedia Art Director will play a key role in the development, delivery, management, and continuousimprovement of marketing content, collateral, and communications for both internal and external projects. Underdirect guidance from the Owner & Creative Director, your role will be to: drive the execution of creative direction; create visually stunning collateral; incorporate multimedia and unique concepts into sales tools; improve conceptualrepresentations; adhere to client graphic and branding standards, and complete projects from conception tocompletion. You will also be in charge of maintaining art and resource files and overseeing the correct licensing andusage of all artwork. This role will include heavy multimedia and graphic production which requires high productivityand accuracy in a fast-paced work environment. The Multimedia Art Director will be extremely organized, able to work in an energetic environment, and capable ofmanaging multiple tasks simultaneously, and will thrive on completing a range of work from conception to production. Responsibilities:● Primarily responsible for producing and executing existing creative strategies developed by Owner, CreativeDirector or Client● Create and maintain the visual look for all of our clients’ traditional and digital work, from inception to completion● De"
ARTS,3904721103,"Senior Art Director - (Hybrid) NY,NY","New York, NY",Director,0,"Senior Art Director - (Hybrid) NY,NY. Who We Are We are a recognized global content creation and marketing agency designed to work at the speed of news. At our core, we are a diverse collective of creators, thinkers, and doers who are positively obsessed with our clients. We make it our business to uncover what’s unique about their business, then make it resonate with audiences. We’re all about creative problem solving and can take even the most complicated product or service offering and make it easy for audiences to understand, embrace and, most of all, trust. What We Do Combining innovative design, compelling narrative and cutting-edge technology, we use every tool in our arsenal to illuminate what makes our clients’ products special. We connect brands with the right customers, across a rich and varied landscape of media. We believe in extending the “big idea” beyond traditional media by creating robust digital platforms that connect both on-line and off-line marketing to consumers at the most poignant times and in the most interesting ways. We believe that extraordinary marketing can be both a discipline and an art form. The art is in doing it well. The discipline is in doing it right. We are Designory / eg+ Schedule: Hybrid - In office three days per week and 2 remote Location: New York, NY - Hybrid - Global Headquarters of Dow Jones (1211 Avenue of the Americas) with a minimum of 3 days a week on site Reports to: Creative Director Salary Range: $100,000 to $115,000 a year This position is employed by Designory and embedded within the client organization at Dow Jones. It augments the Dow Jones marketing team and serves as an extension of the creative team for Dow Jones’s B2B and B2C marketing departments and our agency (eg+), located at 1285 Avenue of the Americas. About This Role eg+ is looking for a skilled Sr. Art Director with proven experience designing for all channels — digital, social, static and video. You should be an insightful visual storyteller who inherently collaborates with a copywr"
ARTS,3895592709,Volunteer Virtual Classroom Speaker (Curating a Museum),United States,Mid-Senior level,0,"Volunteer Virtual Classroom Speaker (Curating a Museum). The volunteer opportunity below is a request from an educator for you to interact with his or her classroom. The interaction is virtual so as long as you have a good internet connection and computer or device with a camera, you can participate from anywhere. The goal of the interaction is to bring real world application, professional experience and relevance to what the educator is teaching. Once you accept the request for one of the dates proposed by the educator, Nepris will provide support and next steps to help you prepare and make sure you are successful. You can also highlight this experience to strengthen the volunteer section of your LinkedIn profile. Volunteer Virtual Classroom Speaker (Curating a Museum) Description Students have developed independent projects and want your advice! Many student projects tend to revolve around a particular career field, reflecting the final product of our project. Our student projects are focused on curating a Civil War Museum. The students are working in teams with different roles. One of the roles is being a curator. They will be asked to work with other curators to create a gallery theme that exhibits will be located in. Each exhibit will need to include two primary source documents and a painting from a certain time frame in the Civil War and Reconstruction. They can also create artifacts to be displayed. Each item in the exhibit will need to have an identification card and a summary to go with it. Their exhibit will mainly be displayed on a trifold poster. Key Questions How do I pick the best items for an exhibit? How should I have my exhibit layed out that makes it easy to understand? What types of stories do you try to tell through the exhibits? What is your favorite exhibit and why? What is your curating process like? Expected Outcomes Students will receive advice on how to best curator an exhibit and museum. They will also hear about some dos and don'ts of curating exhibit (font size, style, amount of text, etc.) P"
ARTS,3891014109,Junior Art Director,"Chicago, IL",Associate,0,"Junior Art Director. Our client, a multicultural marketing agency, is looking to bring on a full-time Jr. Art Director! Type: Salaried/Full-TimeLocation: Chicago (Hybrid, 3 days on-site)Salary Range: $65-70K Responsibilities:Edit video content using Premiere Pro, including cutting footage, adding transitions, and ensuring a seamless flow of visuals and audio.Create dynamic motion graphics and visual effects using After Effects to enhance the quality and impact of video content.Provide creative direction and conceptualize ideas for video projects that align with the client's brand guidelines and communication objectives.Collaborate with videographers, writers, and social media managers to develop cohesive video content tailored to various social media platforms.Stay updated on the latest trends and techniques in video editing and motion graphics to ensure content remains relevant and engaging.Maintain a high level of attention to detail, ensuring accuracy and quality in all aspects of video production, including color correction, audio mixing, and formatting for different platforms.Manage multiple projects simultaneously, prioritize tasks, and meet deadlines consistently while adhering to project budgets. Please apply with your most updated resume if interested + qualified."
AUTOMOBILE,3886870605,Entry-Level Automotive Engineer,"Cicero, IL",Entry level,0,"Entry-Level Automotive Engineer. About the RoleIn today's automotive landscape, vehicles are increasingly interconnected. Interfacing with external systems like the Internet and cameras, allows manufacturers to gather valuable data, develop insights, and update vehicles with critical information. This burgeoning field demands skilled technical professionals who thrive on the cutting edge of automotive technology. We are seeking entry-level Automotive Engineers eager to immerse themselves in these latest advancements, with the added benefit of further focusing in one of three engineering specialty areas. About RevatureRevature is one of the largest and fastest-growing employers of emerging technology talent across the U.S. As a Revature Automotive Engineer you will have the opportunity to gain valuable experience and learn tailored skills to become an important, effective engineer for a Fortune 500 company. With no prior experience, you will learn on the job. But this is no boot camp where you pay for training, at Revature we pay you to learn and expertly prepare you for a career in Automotive Engineering. What We're Looking For:· 4-year degree, Computer Science or in Electrical, Automotive, or Computer Engineering· Proven problem solving and troubleshooting skills· Proven team player with strong collaboration skills· Impressive communication skills· A self-starter who is eager to embrace new responsibilities· Automotive knowledge is a plus· Open to nationwide relocation – please ask about Revature’s relocation assistance programs Equal Opportunity EmployerRevature (“Company”) is an equal opportunity employer. We will extend equal opportunity to all individuals without regard to race, religion, color, sex, pregnancy, childbirth or related medical conditions, sexual orientation, gender identity, national origin, disability, age, genetic information, marital status, veteran status, or any other status protected under applicable federal, state, or local laws. This policy applies to all terms and condit"
AUTOMOBILE,3906224854,Automotive Mechanic,"Trevose, PA",Entry level,0,"Automotive Mechanic. When you join Verizon Verizon is one of the world's leading providers of technology and communications services, transforming the way we connect around the world. We're a human network that reaches across the globe and works behind the scenes. We anticipate, lead, and believe that listening is where learning begins. In crisis and in celebration, we come together-lifting up our communities and striving to make an impact to move the world forward. If you're fueled by purpose, and powered by persistence, explore a career with us. Here, you'll discover the rigor it takes to make a difference and the fulfillment that comes with living the #NetworkLife. What you'll be doing... Keep our motors running! You'll have the chance to work on all types and sizes of vehicles, in addition to mobile tools and equipment. You'll keep our fleet vehicles in tip-top shape to ensure they're ready for anything. Your responsibilities will include, but are not limited to: Performing maintenance and repair of all types of motor vehicles and special equipment in the Verizon fleet. Diagnosing, maintaining and repairing all company associated equipment, including aerial lifts, diggers, generators, tools, etc. Using computer test equipment to diagnose vehicle problems. Interfacing with vehicle users regarding repairs, questions, etc. Performing OSHA, ANSI, emissions, and state inspections on company vehicles. Obtaining and maintaining all required certificates or licenses. Working evenings, weekends, holidays and unscheduled shifts based on the needs of the business. Work tour hours are 2pm to 10pm, Monday through Friday (hours may vary). Overtimes is as needed by the business. What we're looking for... You know cars, vans, trucks, trailers and engines like the back of your hand, and are anxious to put your knowledge and skills to work for the Verizon Team. You like to be busy and well-organized to stay on top of things. You take pride in a job well done because you know better matters! You'll ne"
AUTOMOBILE,3894296835,Automotive Maintenance Technician,"Boynton Beach, FL",Entry level,0,"Automotive Maintenance Technician. Company Overview Bridgestone Retail Operations (BSRO) is part of Bridgestone Americas and employs over 22,000 teammates in North America. BSRO operates more than 2,200 company-owned stores, including Firestone Complete Auto Care, Tires Plus and Wheel Works locations. With locations across North America and more than $3 billion in tire and auto service sales, Bridgestone Retail Operations is the right place to build a career. Whatever role you fill, when you represent the Bridgestone name, you are a valued teammate, and part of our larger mission to “Serve Society with Superior Quality.” We start by offering each teammate more than just competitive pay. We provide formal training, performance incentives, paid vacation and holidays, competitive healthcare packages for full-time and part-time employees, and a 401k plan to help build towards your future. We believe people can only provide superior service and quality to others when they are allowed to bring their whole self to work and know they are supported. We believe in championing all perspectives, individuals and teams because we understand the importance of seeing the world and our business through many different lenses. We are building a team as diverse as the world we serve. So, show us what you’re made of. Show us the smart stuff, the tough stuff, the bold, beautiful and brave stuff. Because who you are is what we need. Job Category Retail Position Summary The Maintenance Technician is an entry level position in which you will be an integral part of a fantastic team servicing vehicles. STOP looking for a job and START investing in your career as a Maintenance Technician at Firestone Complete Auto Care! Full and Part-time benefits available from day one- including tool program discounts! Responsibilities Learn how to diagnose and repair basic automotive including brakes, alignments, suspensions, cooling and electrical.Change oil and/or transmission fluid and filters.Install and perform tire maintenance. Install"
AUTOMOBILE,3902833468,Product Development Engineer (Automotive),"Houston, TX",Mid-Senior level,0,"Product Development Engineer (Automotive). Job Title: Product Development Engineer (Automotive) Position Overview: We are seeking a seasoned Product Development Engineer with a minimum of 4 years of experience in designing automotive products. The ideal candidate will have a strong background in mechanical or electrical engineering, coupled with a proven track record of successful product development within the automotive industry. Design for Manufacturing (DFM) expertise is essential for this role, as the candidate will be responsible for optimizing product designs for efficient and cost-effective manufacturing processes. Key Responsibilities:Automotive Product Design: Lead the design and development of automotive products, including components, systems, and assemblies, from concept through production.Cross-functional Collaboration: Collaborate closely with cross-functional teams, including mechanical engineers, electrical engineers, designers, and manufacturing specialists, to drive product development initiatives and ensure alignment with project objectives.DFM Implementation: Apply Design for Manufacturing (DFM) principles to optimize product designs for manufacturability, scalability, and cost-effectiveness.Prototype Development: Oversee the prototyping process, conducting feasibility studies, creating prototypes, and performing testing and validation to verify design concepts and performance requirements.Supplier Coordination: Work closely with suppliers and vendors to source materials, components, and services, ensuring adherence to quality standards, specifications, and project timelines.Technical Documentation: Prepare comprehensive engineering documentation, including design specifications, drawings, bills of materials (BOMs), and manufacturing instructions, to support the production process and ensure regulatory compliance.Quality Assurance: Collaborate with quality assurance teams to develop and implement testing protocols and quality control measures to ensure product reliability, safety, and co"
AUTOMOBILE,3888972413,Automotive Technician,"Sacramento, CA",Entry level,0,"Automotive Technician. 7149 - Elk Grove - 8185 East Stockton Blvd, Sacramento, California, 95828 CarMax, the way your career should be! CarMax is now hiring Automotive Technicians! Start loving what you do at CarMax Ensure every vehicle is one our customers can rely on At CarMax, our Automotive Technicians repair and recondition cars to meet CarMax’s high standards. Automotive Technicians use their skills to diagnose, fix and prepare vehicles for our customers. From repairing engines to adjusting steering and suspension and checking brakes, our Automotive Technicians bring out the best in every vehicle. And we’ll help bring out the best in you too, being part of a skilled team, with a clean, modern, climate-controlled environment and production facilities for top-notch reconditioning. You will also enjoy a generous range of company benefits including: Paid time off Medical / dental coverage 401k with company match Vehicle discount Tuition reimbursement and more! What You Will Do – Essential Responsibilities Automotive Technicians diagnose, recondition and repair vehicles to ensure CarMax customers can drive away feeling safe and at easeWork as part of a team to solve technical problems quickly and effectivelyBuild experience as an automotive mechanic across a wide range of domestic and foreign vehiclesFollow and promote our high standards of safety, cleanliness and organization Be part of a team that cares about customers and their cars CarMax Automotive Technicians work in a fast-paced environment where motivation is key. Working together with other Automotive Technicians you will solve problems, meet deadlines, and deliver great results. CarMax wants you to produce your best work, so we support our associates by providing the equipment you need to get the job done and the feedback that helps you get better every day. We also promote your interest in learning and development by supporting you with training to acquire new skillsets and accreditations. Qualifications And Requirements Exper"
AVIATION,3905299286,Associate or Experienced Aircraft Painter (Level B or C) (Variable Shift),"North Charleston, SC",,3,"Associate or Experienced Aircraft Painter (Level B or C) (Variable Shift). Job Description At Boeing, we innovate and collaborate to make the world a better place. From the seabed to outer space, you can contribute to work that matters with a company where diversity, equity and inclusion are shared values. We’re committed to fostering an environment for every teammate that’s welcoming, respectful and inclusive, with great opportunity for professional growth. Find your future with us. Boeing Commercial Airplanes (BCA) is looking for an Aircraft Painter (Associate or Experienced) to support the 787 Program based out of North Charleston, SC on a Variable Shift. Position Responsibilities: Prepares exterior surface of aircraft for painting.Makes necessary patterns, performs layout and applies prescribed primers, paints and finishes to exterior of aircraft.Applies aircraft finishes and external markings to aircraft sections. This position is expected to be 100% onsite. The selected candidate will be required to work onsite at North Charleston, SC Employer will not sponsor applicants for employment visa status. Basic Qualifications (Required Skills/Experience): Must be willing to work any shift assigned, including overtime.1+ years of painting experience in aircraft, automotive, industrial, or general painting.Required to wear fall protection gear, safety equipment and masks. Preferred Qualifications (Desired Skills/Experience): 1+ years’ related work experience or an equivalent combination of education and experienceAircraft paint experience. Typical Education/Experience: Associate (Level B): Education/experience typically acquired through basic education (e.g. High School diploma/GED) and typically 1 or more years' related work experience or an equivalent combination of education and experience (e.g. vocational school/Associate). Experienced (Level C): Education/experience typically acquired through basic education (e.g. High School diploma/GED) and typically 4 or more years' related work experience or an equivalent combination of education and"
AVIATION,3904360991,Manufacturing Engineer - Aviation Component Service Center (ACSC),"Springdale, OH",Mid-Senior level,3,"Manufacturing Engineer - Aviation Component Service Center (ACSC). Job Description Summary Manufacturing Engineer serves as the hardware expert and go-to source for technical information related to component repair hardware; this expertise is leveraged to support the shop floor Machinists and Inspectors, as well as Customer Service Managers (on behalf of customers) and even Fleet, Repair, and Design Engineers associated with their respective parts. Job Description Each Manufacturing Engineer (ME) owns specific parts from the Structures Business’ portfolio and is responsible for supporting production flow as parts fall out of the standard processes or deviate from the Engine Service Manual allowances; an ME will accomplish this by dispositioning the hardware back into processing via a rework loop or by a Departure Record (DR) that has been approved by Engineering and the Customer as an allowable deviation from the Engine Service Manual. ME’s are additionally responsible for maintaining current / up-to-date Repair Source Substantiation (RSS) folders- as well as any repair work instructions to ensure compliance with Engine Service Manuals (ESM’s) as they are updated; these updates also retain ACSC’s ability to perform substantiated component repairs. In addition to the above core responsibilities, ME’s also work to support Senior ME’s in substantiating new parts and repairs through New Product Introduction (NPI) projects; this brings more parts and repair capabilities into ACSC. ME will be more focused towards hardware newer in the repair space, hardware going through more new repairs, and hardware with a higher degree of repair difficulty. Validate design specifications and shop floor application of new product, tools, or equipment. Works on complex technological solutions. Has authority in the network of experts and in project teams. Presents product / program strategies, technical roadmaps, risks and recommendations to senior leaders. Inputs and influences decisions within own discipline and area. Communicates recommendations and s"
AVIATION,3905293781,"Flight Test Instrumentation Engineer (Associate, Mid-Level or Senior)","St Charles, MO",,3,"Flight Test Instrumentation Engineer (Associate, Mid-Level or Senior). Job Description At Boeing, we innovate and collaborate to make the world a better place. From the seabed to outer space, you can contribute to work that matters with a company where diversity, equity and inclusion are shared values. We’re committed to fostering an environment for every teammate that’s welcoming, respectful and inclusive, with great opportunity for professional growth. Find your future with us. The Boeing Company is seeking a Flight Test Instrumentation Engineer to support multi-program test activities in Saint Charles, MO. The ideal candidate will need to have leadership, team building, analytical, communication, interpersonal, and organizational skills with a commitment to customer satisfaction. You will be responsible for leading teams to develop and operate flight instrumentation electro/mechanical design solutions of varying complexity in support of flight test. Also, you will perform functions as required to ensure flight instrumentation system readiness and data validity. This position may require travel (short term or long-term DTA- Domestic Temporary Assignment) in support of testing to alternate test sites. The candidate must be comfortable at coordinating with people from various technical disciplines, test sites, and vendors. Experience in aircraft instrumentation systems, on-aircraft ground tests, and flight test operations is desired. This position is for 1st shift; however, variable shifts including, day, evening, nights and weekends may be required to support program objectives. Our teams are currently hiring for a broad range of experience levels including; Associate, Mid-Level or Senior level Flight Test Instrumentation Engineers. Position Responsibilities: Lead others in the design test hardware, software and systems to achieve test requirementsIdentify required products, systems, components, materials, and manufacturing processes / technologiesGenerate electrical schematics using design (e.g. AutoCAD, UG) and simulation tools (e.g"
AVIATION,3900953916,Aircraft Conceptual Design Technical Director,"Poway, CA",Director,3,"Aircraft Conceptual Design Technical Director. Job Summary General Atomics Aeronautical Systems, Inc. (GA-ASI), an affiliate of General Atomics, is a world leader in proven, reliable remotely piloted aircraft and tactical reconnaissance radars, as well as advanced high-resolution surveillance systems. We have an exciting opportunity located in Poway, CA for an seasoned Aircraft Conceptual Design Supervisor with experience in low observable aircraft design and configuration layout to lead a functional team in aircraft conceptual design of unmanned air vehicles. Must have experience with all phases of aircraft development from requirements development, design, engineering, manufacturing, test, certification, and operations as well as broad understanding of how design decisions during conceptual design effect total life-cycle-cost. A thorough understanding of engineering disciplines including airframe, aerodynamics, flight controls, propulsion, landing gear, avionics, electrical power systems, fuel systems, software, systems engineering, and their interrelationships is required. Key aspects to this job are to use Digital Engineering methods to enable agile development while making pragmatic design decisions based on aircraft development experience. DUTIES & RESPONSIBILITIES: Perform supervisory administrative tasks as required; annual performance reviews, merit and other recommendations, ensure personnel training is completed by team members, promote personnel professional growth.Planning and coordinating Conceptual Design Support for P&Ls.Supervising and leading small but highly technical team to support Conceptual Design on new or highly modified aircraft platforms.Developing roadmap for digital engineering implementation for conceptual design and aircraft development efforts.Coordinating and leading efforts for Engineering Digital Transformation including outreach across the company’s Functional and P&L departments.Presenting at national conferences representing GA-ASI for Conceptual Aircraft Design and Digital "
AVIATION,3902830505,Aircraft Interior Finisher,"Kinston, NC",Associate,0,"Aircraft Interior Finisher. Summary and ObjectiveAircraft Interior Finisher 1 inspect, remove, and install pieces or sections of an aircraft's interior, including carpeting, soundproofing, cabinets, lighting, and walls. This position is for a highly energetic individual with good people skills and decision-making metrics.Essential functionsReasonable accommodations may be made to enable individuals with disabilities to perform these essential functions.Work from noncomplex blueprints, specifications, worksheet, dimensions, color codes, mixing charts, tables, verbal, and written instructions/specifications.Prepare and clean items, surfaces to be finished.Prepare, mask, sand, buff, repair, and polish aircraft cabinets.Use of bondo and glue.Spraying polyester, polyurethane, and clear coats.Knowledge of paints and being able to mix properly (solvent base, water base, clear coats).Knowing how to do touch ups inside the aircraft in a timely manner.Leather seat prepping, cleaning, and dying.Ability to work with and understand Corridor.Cleaning and maintenance of spray application equipment, booths, filters, PPE, and other equipment to established practices.Other duties as assigned.Skills and Abilities:Superior and careful workmanship.Leadership and team oriented.Ability to perform consistently in a continuous fast paced environment.Ability to perform inspections and repairs.Ability to learn new skills and methods of repairs.Sufficient oral and verbal communication skills, as needed, to discuss equipment malfunctions and complete reports.Must be authorized to work lawfully in the United States, must provide two forms of Federal Identification.CompetenciesProficient in Microsoft Office Suite or related software used to complete and maintain records.Supervisory responsibilitiesThis position has no direct supervisory responsibilities.Work environmentWhile performing the duties of this job, employees are frequently exposed to fumes or airborne particles, moving mechanical parts, vibrations, and loud noise"
BANKING,3904967325,Personal Banker Associate I,"Grand Blanc, MI",Entry level,0,"Personal Banker Associate I. Make banking a Fifth Third better® We connect great people to great opportunities. Are you ready to take the next step? Discover a career in banking at Fifth Third Bank. General Function Selected candidates are intended to become a Retail Personal Banker I after completing a 4-8 week on-boarding and education program that includes rotations in operations and Sales & Service. There will be a certification at the conclusion of the program to provide selected candidates the opportunity to demonstrate skills necessary to successfully perform a role within the Retail Personal Banker job family. The Personal Banker I is a Financial Center position focused on using the consultative sales process to proactively identify and meet the financial needs of customers or prospects. The Personal Banker I maintains focus on acquiring new households and/or deepening existing customer relationships through a variety of activities, including but not limited to lobby leadership (Financial Centers) or aisle time (Bank Marts) and tele-consulting. This role is responsible for processing teller transactions as well as working as a member of the platform staff. Responsible and accountable for risk by openly exchanging ideas and opinions, elevating concerns, and personally following policies and procedures as defined. Accountable for always doing the right thing for customers and colleagues, and ensures that actions and behaviors drive a positive customer experience. While operating within the Bank's risk appetite, achieves results by consistently identifying, assessing, managing, monitoring, and reporting risks of all types. Essential Duties And Responsibilities Use the consultative sales process and Financial Needs Assessment to build a thorough customer profile and identify current and future financial needs.Maintain an in-depth knowledge of Retail consumer and small business products/services and recommend appropriate solutions using our value proposition.Utilize CAMP and other approved M"
BANKING,3889101478,Personal Banker III - Assistant Manager,"Lenexa, KS",Mid-Senior level,0,"Personal Banker III - Assistant Manager. Personal Banker III (Assistant Manager) Do you have at least 3 full years of retail banking experience and looking to grow in your banking career? Apply today! $25-$28 per hour, plus incentives as much as $2750 per quarter! Hours M-F, 8-5:30, Sat 8-12 with half day off during week to compensate Great career growth opportunity Overland Park, Lenexa, and Raytown locations Bilingual in Spanish/English preferred Job duties: Help clients with banking needs Mentor and assist other personal banking staff with assisting clients and opening and closing accounts Provide back up to the branch manager Background: 3 years of Personal Banker experience Professional communication skills Computer skills High School Diploma or GED AW"
BANKING,3887471276,"Retail Relationship Banker- Tucson, AZ (3175 N. Swan Rd.)","Tucson, AZ",,0,"Retail Relationship Banker- Tucson, AZ (3175 N. Swan Rd.). Delivers exceptional service to BMO customers and prospects. Identifies customer needs and provides advice and guidance regarding financial solutions that are in the best interests of customers. Works collaboratively within the branch and with BMO partners to deliver the desired customer experience and achieve overall business objectives. U.S. Only: This position will act as an originator of consumer loans as defined by Regulation Z, Regulation G, and the Secure and Fair Enforcement for Mortgage Licensing Act (the S.A.F.E. Act). This position will require a Federal registration with the Nationwide Mortgage Licensing System and Registry. The Bank will instruct you on the registration requirements needed to comply with this requirement. A criminal background review and credit history evaluation will be required for this position as well as restrictions on performing in a real estate agent capacity. Takes a lead in proactively engaging with existing customers and prospects by providing needs-based assessments to grow loyalty and identify immediate / future opportunities.Engages customers to complete needs assessments that identify financial solutions and preferred banking channels while recommending tailored solutions addressing both sales and service needs (e.g. everyday banking, retail investments, lending solutions, home financing (including business-for-self applications)), and small business solutions).Offers clients advice and guidance on available digital and self-serve options with the goal of making banking easy, simple, and fast.Supports customer transactions needs based on customer traffic.Engages customers to grow BMO’s business by reaching out, generating appointments, and building new relationships within the community.Addresses questions and resolves issues raised through consumer credit audits and quality checks to ensure accurate data entry and lending application recommendations in compliance with legal and regulatory requirements and lending policies"
BANKING,3888951074,Roving Personal Banker - Southwest Vegas Valley District,"Las Vegas, NV",Associate,0,"Roving Personal Banker - Southwest Vegas Valley District. Why Wells Fargo Are you ready for the next step in your career? This is where it begins - at a company known for our ""Well Life"" approach to supporting employees' career aspirations, work-life balance, and mental and physical health. We ranked #2 on the 2023 LinkedIn Top Companies list - and #1 among financial services companies - as the best workplace ""to grow your career"" in the U.S. We're especially proud of our tangible, meaningful commitment to diversity, equity, and inclusion in the workplace. When it comes to employees' financial health, we offer competitive salaries and generous benefits package. Apply today. About This Role Wells Fargo is seeking an Associate Roving Personal Banker (SAFE) for our National Branch Network as part of the Consumer, Small & Business Banking division. Learn more about the career areas and business divisions at wellsfargojobs.com. In This Role You Will Provide support across a variety of branch locations within a specific geography where a banker or teller is out of the office or to temporarily cover vacanciesBe flexible and adaptable to changing priorities and new surroundings while meeting customer needsParticipate in delivery of exceptional customer experience by building relationships through proactive outreach as well as proposing appropriate products, services, and digital solutions to help customers succeed financiallyAssist customers with basic requests related to opening new accounts, completing service requests, and submitting credit applicationsReceive direction from managers and exercise judgement within defined policies and proceduresDevelop understanding of bank products and services to connect to customers' needsInteract with customers to demonstrate care and build relationshipsProvide appropriate options for bank products and services to customerRefer customers' financial needs to other bankers and partners as neededThis SAFE position has customer contact and job duties which may include the offering/negotiating of"
BANKING,3898164334,Branch Manager,"San Antonio, TX",Mid-Senior level,3,"Branch Manager. Large, National San Antonio based Company is adding to their team. Company is very people centric with pride in the development of the team as well as in internal promotions. Company believes strongly in providing challenge and opportunity while really maintaining work life balance. Company has a single digit turnover rate – they foster a place where people enjoy going to work!If you are outgoing, love building relationships, and doing what is best for your customers and leading teams this is the position for you! This is a great role for a person who is dynamic, collaborative, confident and a relationship builder! The Manager oversees Lending Representatives, Program Specialists, Funding and Support. This team works closely with new and established commercial customers and the sales team to obtain financing for large purchases. The Company has phenomenal relationships with existing lenders and this team sees the process from application to funding. This person will be the liaison working closely with the Financial Services team, the Sales team and the customer. JOB RESPONSIBILITIES: • Hires, develops, evaluates, and influences effective and consistent productivity and teamwork to ensure the delivery of exceptional customer service.• Establishes goals and metrics for the department staff to ensure effective processing and placement of finance packages for customers.• Evaluates credit risks and coordinates the lending package to the appropriate financial institution for both domestic and international customers.• Identify, recommend, and coordinate financial concepts, products, and various support programs to satisfy customer requirements and optimizing Company’s profitability.• Recommend and implement finance program strategies to enhance the level of new sales, used equipment sales, special sales, and equipment insurance programs that ensure achievement of organizational goals.• Mentor sales representatives, new employees, key operations, and support personnel to e"
BPO,3905374259,Customer Service Representative,"Troy, IL",Mid-Senior level,0,"Customer Service Representative. Store 4701359: 536 Edwardsville Rd, Troy, Illinois 62294 Availability - Shift/Days Flexible Availability Customer Service Representative We want you to join our team as a Customer Service Representative. If you have the desire to be challenged, work in a fast-paced, fun environment and to grow your career - look no further. As a Customer Service Representative, You Will Enjoy Medical, Vision, Dental, & Life Insurance/Short & Long Term DisabilityFlexible SchedulesWeekly PayFull-Time or Part-TimeLarge, Stable EmployerFast Career OpportunitiesWork With Fun, Motivated PeopleTask VarietyPaid Comprehensive Training401K With a Competitive Company MatchFlexible Spending/Health Savings AccountsTuition Reimbursement Your Key Responsibilities You will greet customers, run the register, cashier, make purchase suggestions and sometimes work with our food program. There is never a dull moment as you will be working around the store (inside and out) in many different areas to help maintain our high standards for store appearance and provide fast and friendly service to our customers. Provide regular and predicable onsite attendance. You will interact with many customers daily, all while working with a fun, energetic team accomplishing daily tasks around the store! You Are Good At Selling products to customersProviding excellent customer careCommunication and friendly conversationPerforming at a quick pace while having funWorking as part of a team to accomplish daily goalsComing up with great ideas to solve problemsThinking quickly and offering suggestions Great If You Have Retail and customer service experienceSales associate or cashiering experienceHigh school diploma or equivalentMotivation to advance in your career!Willingness to learn and have fun! Physical Requirements Ability to stand and/or walk for up to 8 hoursLift and/or carry up to 30 pounds from ground to overhead up to 30 minutes in a shiftOccasionally lift and/or carry up to 60 pounds from ground to waist levelPush/p"
BPO,3902320486,Customer Service Representative,"Long Beach, CA",Mid-Senior level,0,"Customer Service Representative. BEST. JOB. EVER! Minimal weekday hours required (join for weekends only!) Generous Team Member discount $400 bonus for every referral hired with NO LIMIT* Competitive hourly pay rates & team bonus Get Paid Early! Additional terms and conditions apply. At David’s Bridal, we empower our customers and our employees to stay true to their dreams and find the one, whether that means the wedding dress that matches a personal style—or the career that is a perfect fit. Join a company that dominates the products in their category – 1 out of 3 being sold by them and taking care of them with one of the highest customer service scores in retail! We make dreams happen—apply today! The Customer Service Representative (CSR) is responsible for interacting with all customers, maintaining a friendly, positive, authentic, empathetic, and professional approach, to deliver a consistent Five-Star Customer Service Experience. The CSR reports to the Store Manager, in partnership with the Operations Supervisor/Manager. The CSR supports the welcome desk, cash wrap, systems/processes, inventory management, and daily routines to ensure the store is foundationally excellent and that the customer has an exceptional shopping experience. Essential Job Functions Welcome all customers with genuine, and friendly enthusiasm over the phone, virtual chats and in person, communicate clearly and concisely by adapting your style to suit the customers by problem solving, excellent phone skills and resolving conflict. Use all systems to manage the customer flow to deliver Five-Star Customer Service experience. Maintain all service vows which include Being Prepared, Welcoming, ability to Meet the Needs & Be There for all customers, including all operational checklist task and meeting customers emotional and practical needs. Responsible for providing an exceptional service experience to multiple customers at one time and contribute to the store achievement of Five-Star Customer Service. Proactively address cust"
BPO,3901685710,Customer Service Representative,"Orlando, FL",Mid-Senior level,0,"Customer Service Representative. Contract Duration 3+ Months Job Responsibilities: Customer Service Representative takes a high volume of inbound or place outbound calls to provide information and services to customers. Utilizes a database to retrieve customer or company information. Must be able to learn and follow detailed instructions, use a variety of resources, and possess good organizational skills to provide accurate information. Follows processes and steps to ensure appropriate actions and follow through taken for customers. Document needs for customers in databases. Must demonstrate patience, tact, empathy, and problem-solving skills with consistently good voice quality. Can organize and handle calls with speed and accuracy. Must be able to be available to customers for a certain period of time during the day. Can work with complex computer applications and resource materials. Can use multiple operating environments (Windows, DOS, Mainframe). Customer Service Representative must have proven skills in the following PC software products Lotus Notes, Excel, MS Word Required Education: 3 - 5 years experience required. Note: This position is NonExempt.Hours over 40 will be paid at Time and a Half. Benefits: Medical, Vision, and Dental Insurance Plans401k Retirement Fund About The Company: Our client is a globally diversified healthcare company with a central purpose of helping people live their healthiest possible lives. They offer a broad portfolio of market-leading products that align with favorable long-term healthcare trends in both developed and developing markets. Working with this company, you'll tackle a wide array of problems including some of the world's greatest healthcare challenges while experiencing myriad cultures, geographies, and technologies. They are creating the future of healthcare through life-changing technologies and products that make you healthier and stronger, quickly identify when you have a medical need, and treat conditions to help you get back to doing what you lo"
BPO,3902757225,Customer Service Representative,"Charlotte, NC",Mid-Senior level,0,"Customer Service Representative. Job Description Responsibilities: Establish relationships with customers by communicating and resolving issues.Responsible for order entry and/or maintenance for assigned accounts. Review plant delivery schedules versus requested dates and resolves any conflicts. Tracks and communicates any changes and potential service issues to the customer.Communicate order confirmations, changes and cancellations to both customers and internal Mauser team members.Inform sales and operations of any unresolved service issues; Recommends corrective action to customer issues as necessary.Reviews orders after shipment for billing accuracy and any quantity item errors.Manages the issuing of credits, return authorizations and pallet returns.Reviews inventory usage on stocked items, identifies and communicates items that have not tracked to plan.Ensures that any customer complaints have been resolved in a satisfactory manner obtaining guidance/approval from supervisor when necessary.Communicates with Planners, Sales Representatives, Pricing team and Plant Management as needed.Prepares necessary reports for Plant Management and customers such as inventory and open order reports and tracks shipments associated with invoices Processes plant claims which include any deductions for shortages, quality issues and any miscellaneous items.Files any customer paperwork such as shipping documentation or customer orders in a timely fashion.Performs other duties as assigned. Requirements Associate or bachelor’s degree preferred but not requiredManufacturing experience strongly preferred1-3 years customer service experience requiredMicrosoft Office Suite – basic to above-average computer skills including ExcelCRM experience preferredAbility to perform basic quantitative skills required,Ability to work with all areas of the business including plant and sales personnel.Professional verbal and written communicationStrong customer service advocacy and problem-solving skills About Us Do you want to work wi"
BPO,3905267620,CUSTOMER SERVICE REPRESENTATIVE,"Florence, KY",Mid-Senior level,0,"CUSTOMER SERVICE REPRESENTATIVE. Store Family Dollar Family Dollar is seeking motivated individuals to support our Stores as we provide essential products at great values to the communities we serve. General Summary As a Family Dollar Customer Service Representative you will be responsible for providing exceptional service to our customers. Key priorities include greeting customers, assisting them with selection of merchandise, completing transactions, and answering questions regarding the store and merchandise. Principle Duties and Responsibilities: Provides customer engagement in positive and approachable manner. Assists in maintaining a clean, well-stocked store for customers during their shopping experience. Helps in the unloading of merchandise from delivery trucks, organizes merchandise, and transports merchandise from stockroom to sales floor. Independently stocks shelves and recovers merchandise in the store. Accurately handles customer funds and processes transactions using the POS system. Remains constantly aware of customer activity to ensure a safe and secure shopping environment. Performs all other duties as assigned in order to maintain an effective and profitable store operation. Position Requirements: Education: Prefer completion of high school or equivalent. Ability to follow directives and interpret retail operational documents as assigned. Experience: Prefer experience working in retail, hotel, restaurant, grocery or drug store environments. Physical Requirements: Ability to regularly lift up to 40lbs. (and occasionally, up to 55 lbs.) from floor level to above shoulder height; must be able to meet demands of frequent walking, standing, stooping, kneeling, climbing, pushing, pulling and repetitive lifting, with or without reasonable accomodation. Availability: Ability to work flexible, full-time schedule to include days, evenings, weekends and holidays. Skills and Competencies: Customer Focus, Developing Potential, Results Driven, Strong Organizational Skills, Communication Skill"
BUSINESS-DEVELOPMENT,3887712954,Director Business Development,"Chicago, IL",Director,0,"Director Business Development. SS&C is a global provider of investment and financial services and software for the financial services and healthcare industries. Named to Fortune 1000 list as top U.S. company based on revenue, SS&C is headquartered in Windsor, Connecticut and has 20,000+ employees in over 90 offices in 35 countries. Some 18,000 financial services and healthcare organizations, from the world's largest institutions to local firms, manage and account for their investments using SS&C's products and services. Job Description Director Business Development Location: New York, NY; Chicago; Boston; Atlanta; San Francisco; Dallas (Hybrid) Get To Know The Team: The SS&C Technologies Sales team is seeking a results-driven sales representative to actively seek out and engage customer prospects. The individual in this role would be responsible for selling into hedge funds and private markets organizations. This includes understanding clients’ needs and providing complete and appropriate solutions to contribute to their success and boost top-line revenue growth. Why You Will Love It Here! Your Future: 401k Matching Program, Professional Development Reimbursement Work/Life Balance: Flexible Personal/Vacation Time Off, Sick Leave, Paid HolidaysYour Wellbeing: Medical, Dental, Vision, Employee Assistance Program, Parental Leave Diversity & Inclusion: Committed to Welcoming, Celebrating and Thriving on DiversityTraining: Hands-On, Team-Customized, including SS&C University Extra Perks: Discounts on fitness clubs, travel and more! What You Will Get To Do: Create new business opportunities and build relationships with hedge fund and private markets investment managersPartner with subject matter experts to navigate across solutions and present sound business conclusions from gathered information Maintain knowledge of industry trends and their potential impact on SS&C Attend and network at related industry eventsWork within a dynamic setting in a culture that strives for and rewards achievement What You"
BUSINESS-DEVELOPMENT,3901956807,Business Development Representative,"Fargo, ND",,0,"Business Development Representative. Onsharp is a Midwestern leader in web design, software & app development, and custom integrations. With over 250 clients throughout the United States and abroad, we are focused on building long-term relationships and delivering world-class solutions for our clients. JOB SUMMARY:The Business Development Representative is primarily responsible for engaging with decision-makers over the phone and through the web to qualify and work with the team to close opportunities. This person must learn about clients’ needs and positioning Onsharp’s products and services. Must have a successful track record of achieving goals and sales numbers. This position partners with the Business and Development teams to deliver results on time, meet budget goals, and all sales strategies should be delivered with a high degree of quality and stakeholder satisfaction. ESSENTIAL FUNCTIONS:Developing and qualifying leads through cold calling, networking, and other lead generation activities""Hunter” sales mentalityDelivering value and benefit statements to business decision-makersLearning about a prospect's business and identifying where Onsharp's products and services would make an impact in that organizationMeeting and exceeding individual productivity and sales goalsWorking closely with Business Development team to ensure client satisfaction, opportunity follow up, and winning dealsAchieves and maintains rapport with client and works to provide the best possible service experienceEnsures that sales opportunities are responded to in a timely mannerParticipates in meetings to report accurate status of opportunities and effortsOther duties as assigned KNOWLEDGE, SKILLS & ABILITIES:Tenacious & creative sales approachCurious and inquisitiveDriven and motivated by resultsExcellent written and verbal skillsOrganized with good attention to detailA self-starter who can spot new opportunities CORE VALUES:Customer FocusedCommitmentCan-Do AttitudeCollaborationHaving Fun QUALIFICATIONS:Bachelor’s Degree in"
BUSINESS-DEVELOPMENT,3905307214,Business Development Manager (Average $75K - $200K),United States,,0,"Business Development Manager (Average $75K - $200K). At The Gaines Agency, we are committed to every one of our agents' success. We are a family run independent insurance agency looking for team-players, who have an entrepreneurial passion, and a strong commitment to serve clients. Both full and part time sales and insurance agency development positions are available. Here is who we are looking for:Goal setters: You know how to set goals and effectively develop a plan to execute on those goals.Servant leaders: You are a true leader that seeks to serve your team.Strong work ethic: You recognize the irreplaceable value of hard work and what it takes to achieve your financial goals.High integrity: You uphold high standards of professionalism and ethics and embrace the opportunity to become a highly visible member of your community.Proven history of leadership/management: You have a proven background in building and managing within a business development role. Requirements:Life and Health Insurance License (Preferred)Excellent communication and presentation skillsMust be a self-starter, motivated, and driven to succeed as the demand for both life insurance and financial services increases, (especially with our aging population), it is important for us to find the right qualified professionals to help us serve our clients and families. With our proprietary lead generation and training systems in place, you will have the opportunity to build your own business, and earn what you are willing to work for. But we don't stop there. We also have a leadership development program that enables the most ambitious sales professionals to develop their own agency.Health & Dental Insurance Benefits AvailableMeet With Clients over the internet utilizing ZOOM, Facetime, etc.: In-house generated lead system, no cold calling or prospectingOne of America's Fastest Growing Companies: Inc 5000 #1022 for last 6 yearsLuxury All Expense Paid Vacations: Free, world-class travel to reward you for your productionPassive Income: Eventually you'll have"
BUSINESS-DEVELOPMENT,3898161670,Business Development Specialist,"Charlotte, NC",,0,"Business Development Specialist. HTL Freight Job AdTitle: Business Development SpecialistWork Location: Charlotte, NCJob Classification: Full-timeCompensation: $45K-55K base salary with uncapped commissionsStart Date: ASAP Who We Are:HTL Freight is looking for motivated self-starters who are eager to develop a book of business in a fast-paced industry. As a Business Development Specialist you will be responsible for acquiring new business by engaging with clients over phone and email. You will be focused on offering a variety of logistics services and solutions. Business Development Specialists will be equipped with the tools to tackle the full sales cycle; prospecting, relationship building, customer service and operations. As you develop your career in sales, there will be opportunity to take your skills to the next level as we grow new sales divisions in our multi-million-dollar logistics organization. What’s In It For You:Uncapped earning potential Base plus Day One, Dollar One Commission PlanMedical, Dental, Vision, Disability, Life Insurance, and 401KOperational Support A fun, energetic, and casual in-office work environmentIncentives and travel-based rewardsCareer advancement opportunities Responsibilities: Develop, maintain, and manage new client relationships.Help drive new account growth via prospecting, sourcing, and account penetration.Effectively utilize Pipedrive for client prospecting and pipeline management.Build relationships with internal departments to ensure client transactions are processed accurately and efficiently.Attend continuous education programs to fully engage in learning the industry, market and business.Qualifications: High school degree (required) or bachelor’s degree (preferred). Commensurate experience.At least 1 year of work experience, preferably in logistics.Strong customer service and relationship building skills.Exceptional verbal and written communication skills. A money-motivated attitude; motivated to reach and exceed quotas.Ability to cold call with asser"
BUSINESS-DEVELOPMENT,3906242119,Business Development Manager,"Dallas, TX",Mid-Senior level,0,"Business Development Manager. LaSalle Network is not just a staffing and recruiting firm. For over two decades, we've been a true partner to businesses across the country, driven by our unwavering dedication to delivery and execution. Our people are relentless in their pursuit of growth and development, powered by a dynamic culture and a 'desire to win'! We are excited to bring our innovative approach to the Dallas market, particularly in the technology staffing and recruiting space, where our expertise shines. Are you ready to be part of a team where your ideas matter, and your potential knows no bounds? We're seeking dynamic professionals with staffing industry experience to join our sales team in Dallas as Business Development Managers. As we expand our local and national presence, your role will be pivotal in driving growth and success. Business Development Manager Responsibilities: Cultivate a network of clients through targeted prospecting and researchCreate and implement strategic plans to engage with key decision-makers and influencersTailor solutions to meet the unique IT staffing and recruiting needs of clients Collaborate with internal recruiting teams to ensure successful execution on searches and timely, high-quality delivery to clients Manage the sales process from lead generation to close, ensuring effective communicationConsistently exceed sales targets and performance metrics, including making a minimum of 60 calls daily and meeting 8+ prospects each week, to continually propel revenue and personal growth Business Development Manager Requirements: Entrepreneurial/winning mindset is required! 2+ years of sales/business development experience in IT/tech staffing or a related fieldProven track record of meeting or surpassing sales targetsStrong interpersonal and communication skillsSelf-motivated with a proactive approach to identifying opportunitiesBachelor's degree preferredOnsite (flexible) work environmentFirst-year target OTE = $100,000 Our goal is to triple revenue in the nex"
CHEF,3905822301,Chef de Cuisine,"Essex County, VT",Mid-Senior level,0,"Chef de Cuisine. Description:Unlock Your Potential at The Essex Resort & Spa!Embark on a journey where passion meets profession at The Essex Resort & Spa, where we redefine hospitality excellence. Nestled in the heart of Vermont's picturesque countryside, our luxurious haven offers more than just a job; it's an invitation to join a dynamic team dedicated to crafting unforgettable experiences.Whether you're a seasoned expert or an aspiring talent, our diverse range of career opportunities promises growth, fulfillment, and the chance to make a meaningful impact. From culinary maestros to hospitality enthusiasts, from administrative aces to creative minds, there's a place for every skill set and aspiration within our family.Join us in creating moments of magic for our guests, where every smile, every detail, and every interaction embodies the essence of true hospitality. At The Essex Resort & Spa, the path to success is paved with endless possibilities. Dare to dream, dare to achieve, and let your career flourish in an environment where excellence is not just a goal, but a way of life. Junction at The Essex Resort & Spa is an integral part of Vermont's culinary scene, offering a unique dining experience that celebrates the region's flavors and traditions. Our kitchen is committed to delivering innovative dishes crafted with locally sourced ingredients, creating memorable dining moments for our guests. BASIC FUNCTION: The Chef de Cuisine is an experienced Chef who possesses skills in all of a la carte dining. The Chef de Cuisine should display a cooking style that reflects traditional and innovative cuisine in order to promote the appeal and prestige of a la carte dining. QUALIFICATIONS: EDUCATION, KNOWLEDGE, TRAINING, & WORK EXPERIENCE:Five years experience in a kitchen management position.High school diploma or equivalent experience/training.Meet governmental health requirements.Ability to operate kitchen power equipment.Ability to utilize cutting instruments.Ability to transport, han"
CHEF,3905371551,Assistant Pantry Cook - Hilton Hawaiian Village Waikiki Beach Resort,"Honolulu, HI",Mid-Senior level,0,"Assistant Pantry Cook - Hilton Hawaiian Village Waikiki Beach Resort. Hilton Hawaiian Village is Waikiki's only true resort destination located on the widest stretch of beach in Waikiki. You'll have daily views of Duke Kahanamoku Beach. Enjoy fun perks such as free meals during shifts PLUS discounted hotel room stays for you and your family WORLDWIDE! Join the Culinary team TODAY! Classification: Full Time Shift: AM/PM - Various. Must have availability to work weekdays, weekends and holidays. Ideal candidate will have previous 2 years professional cooking/kitchen experience. This is a great step towards a wonderful career with the #1 World's BEST WORKPLACE! What will I be doing? As an Assistant Pantry Cook, you would be responsible for assisting and preparing food for the kitchen team in the hotel's continuing effort to deliver outstanding guest service and financial profitability. Specifically, you would be responsible for performing the following tasks to the highest standards: Set up and perform preparation work for food items including, but not limited to, soups, sauces, salads, etc.Stock and maintain designated food stations.Maintain cleanliness and food sanitation standards at all times.Practice correct food handling and food storage procedures according to federal, state, local and company regulations. The Benefits - Hilton is proud to have an award-winning workplace culture ranking #1 Best Company To Work For in the U.S. We support the mental and physical wellbeing of all Team Members so they can Thrive personally and professionally in a diverse and inclusive environment, thanks to innovative programs and benefits such as: Access to your pay when you need it through DailyPay Health insurance Career growth and development Team Member Resource Groups Recognition and rewards programs Go Hilton travel discount program Best-in-Class Paid Time Off (PTO) Supportive parental leave Employee stock purchase program (ESPP) - purchase Hilton shares at 15% discount Debt-free education: Access to a wide variety of educational credentials (ex"
CHEF,3901346605,Executive Sous Chef,"Orlando, FL",Mid-Senior level,0,"Executive Sous Chef. We are excited to start a search for an exceptional culinary professional who has a passion for cooking and customer service. This individual will assume the title of Executive Sous Chef for a completely scratch kitchen in the Orlando Metro Area of Florida. You will focus on Menu and Recipe Development, Culinary Team Leadership and Development, Cost Analysis and Control, and Running Expo to ensure accurate and prompt food delivery. If you want to showcase your ability and passion for producing quality food from scratch and would like to be home in time for dinner, this is the opportunity for you! We are also looking to add a Pastry Chef with the same passion for excellence and creativity baked into their DNA. Executive Sous Chef Requirements: Minimum of 3 years of experience, as a Sous Chef, in a scratch kitchenExperience with stocks, soups, and butcheryCreative Culinary Menu DevelopmentLeadership and Development of a Culinary TeamRestaurant Financial AcumenAbility to thrive in a high-volume environment Pastry Chef Requirements: Minimum of 3 years of experience, as a Pastry Chef, in a scratch kitchenScratch Baking Skills Ability to thrive in a high-volume environment *Please note that only qualified applicants will receive a direct response to an inquiry"
CHEF,3905372560,cook,"College Park, GA",Entry level,0,"cook. Job Description Summary The Cook I is responsible for preparing all food items, based on standardized recipes, for the Restaurants and Banquets, while maintaining the highest standards to produce an appealing and appetizing product. They are also responsible for ensuring cleanliness, sanitation, and safety in the kitchen and work areas while minimizing waste and maximizing the cost/production ratio Job Description Job Description Fundamental Requirements: Have thorough knowledge of menus and the preparation required, according to hotel standards. Maintain cleanliness and organization of all storage areas. Complete necessary food and station preparation prior to the opening of the restaurant in order to ensure that guests are served promptly and efficiently during the Restaurant operating hours. Prepare and display buffet food items according to the hotel standards. Proficiency in the following cooking techniques: charbroiling, poaching, deep-frying, sauté, braising, roasting and par-cooking. Recognize quality standards in fresh vegetables, fish, and dairy and meat products. Knowledge of herbs and spices and proper use of each. Maintain a clean and sanitary environment with knowledge of proper handling, storage, and sanitation. Prepare food for Banquets, ad required, following specifications on Banquet Event Orders. Prepare all foods following hotel standard recipes. Preparation of specials will be under the direction of the Chef or Kitchen Supervisor. Breakdown buffets and kitchen line, storing food and equipment properly at the end of each meal period. Work banquet food station as scheduled by the Chef or Kitchen Supervisor. Know the location and operation of all fire extinguishing equipment. Practice safe work habits at all times to avoid possible injury to self or other employees. Use Production Charts as specified by the hotel’s standards. Be able to support any position in the Kitchen that is in need of help. Follow all Health Department and Company regulations"
CHEF,3905250229,Baker / AM Pastry Chef,"Stuart, FL",,0,"Baker / AM Pastry Chef. Baker AM Pastry Chef, responsible for the daily production and finishing of breads, breakfast breads, pastries and other baked goods, as well as managing baked goods inventory, utilization and rotation. They should have a practical understanding of classical bread production including laminated doughs (croissants, Danish), quick breads and muffins. They should be able to scale ingredients, use proper mixing and baking techniques. This position is responsible for early morning opening duties, and must be reliable."
CONSTRUCTION,3903824215,Senior Construction Manager - Multi Family,"Tualatin, OR",Mid-Senior level,3,"Senior Construction Manager - Multi Family. Job Overview As a Senior Construction Manager specializing in multifamily portfolios, you will oversee construction projects across a designated region, including new construction, remodels, and repairs. You'll lead project planning, execution, and management, ensuring projects are completed on time, within budget, and to high-quality standards. Your role involves stakeholder coordination, compliance oversight, and team leadership. Key Responsibilities Develop and execute project plans for multifamily construction projects.Coordinate scheduling, budgeting, and resource allocation to optimize efficiency.Manage construction activities for multifamily properties, ensuring alignment with portfolio goals.Conduct regular site inspections and collaborate with property management teams.Act as the primary point of contact for clients and stakeholders, ensuring satisfaction with project outcomes.Establish and enforce quality control measures and ensure compliance with regulations.Develop and manage project budgets, tracking expenses and approving invoices.Provide leadership and support to project teams, fostering a collaborative work environment. Qualifications Bachelor's degree in construction management or related field.Minimum of 5 years of experience in multifamily construction management.Strong knowledge of construction practices and industry standards.Excellent communication and leadership skills.Proficiency in project management software.Willingness to travel within the region as needed. Benefits Bonus eligibilityReimbursement of travel expensesCorporate credit card Remote work flexibility401k participationPaid holidaysPaid time off (PTO) Email Your Resume In Word To Looking forward to receiving your resume through our website and going over the position with you. Clicking apply is the best way to apply, but you may also: Taylor.McAlister@CyberCoders.com Please do NOT change the email subject line in any way. You must keep the JobID: linkedin : TM4-1798049 -- in the em"
CONSTRUCTION,3885103693,Construction Project Manager,"Atlanta, GA",Mid-Senior level,0,"Construction Project Manager. Job Description Summary:Overall management of construction project resulting in successful project completion. Job Description:POSITION RESPONSIBILITIES AND DUTIES:**Multi-Family/Hospitality Experience Required**• Able to perform all Assistant Project Manager’s and Project Engineer’s responsibilities (refer to position descriptions)• Estimate and establish budgets and contract price (GMP/Lump Sum)• Negotiate cost-effective subcontract and material purchases• Set up and implement job procedures and techniques to assure timely buyout, shop drawing approval and material delivery• Keep project on schedule• Develop and maintain good relationship with Owner, Architect and Subcontractors• Work with Superintendent to develop safety plans and to implement safety procedures• Maintain timely and accurate reporting to management• Manage, train, and supervise project team according to Company policy• Organize regular meetings for management and subcontractors• Review contract conditions; ensure compliance with all contract terms• Supervise documentation of all significant project events, e.g., accidents, delays, Change Orders• Direct preconstruction services and activities• Negotiate, prepare and issue subcontract bid packages• Assist with business development and participate in job interviews• Maintain quality control (integrity and excellence of completed project)• Support estimating staff (bid item specialist)• Avoid or mitigate claims and conflict• Complete all job close-out procedures• Conduct warranty follow-up (1-year warranty walks)• Complete project with full or enhanced fee• Complete other responsibilities as assigned MINIMUM SKILLS OR EXPERIENCE REQUIREMENTS:**Multi-Family/Hospitality Experience Required**• Engineering, Construction Management or Architectural degree or equivalent experience• Field construction management experience (5-8 years, including supervisory skills)• Leadership ability• Problem-solving ability and strong sense of urgency• Organizational and co"
CONSTRUCTION,3894299700,"Construction Inspector, Civil EIT","Mill Creek, WA",Mid-Senior level,0,"Construction Inspector, Civil EIT. Atwell, LLC is a bold leader in the consulting, engineering, and construction services industry, delivering a broad range of creative solutions to clients in the real estate & land development, and energy markets. We have a strong national presence and a diverse, award-winning project portfolio. Atwell is a privately owned company, with 1,400+ passionate team members across 40+ locations and growing! Atwell, LLC is a proud recipient of the following 2023 awards: 8 consecutive years in a row as a “Best Places to Work”, “Hot Firm Nationally” by Zweig groupRecognized as #7 in the “Top 100” firms in the US by Zweig GroupRecognized by ENR #74 in the ENR Top 500 and ranked in every region;Recognized in Crain Magazine’s “Fast 50” for the fastest growing firmsNamed in the “Top 50 Coolest Places to Work” by Crain Magazine Your Responsibilities As a Construction Inspector, you'll play a crucial role in overseeing municipal utility, road, and sidewalk projects. In this role, you'll collaborate closely with the Project Manager, local agencies/owners, and contractors to guarantee that these vital projects adhere to approved plans, specifications, and the jurisdiction's standards. Your responsibilities will include: Comprehensive Inspection: Thoroughly inspect all facets of municipal utility, road, and sidewalk projects, ensuring compliance with plans, specifications, and standards. Detailed Documentation: Maintain meticulous records by documenting the Contractor's work through daily inspection reports and project photographs, providing a clear picture of project progress. Contract Management: Keep an accurate log of contract days used and remaining throughout the project, and verify daily quantities of work, providing weekly quantity reports to the Owner. Resource Management: Maintain precise records of personnel, equipment, and materials used in force account activities, ensuring transparency and accountability. Change Order Review: Review change order requests, facilitating a "
CONSTRUCTION,3891289099,Construction Project Manager Trainee,"Titusville, FL",Internship,0,"Construction Project Manager Trainee. As a Construction Project Manager Trainee at Ryan Homes, a brand of NVR, you can impact the lives of our customers while working in an environment of respect, empowerment, and professional development. You will have the opportunity to manage and oversee the entire home-building process for a community of new homes. In this structured training program, you will gain hands-on experience alongside a current Project Manager and will master the knowledge and skills you need to effectively manage a job site. What you will be doing: Participate in NVR’s world-class comprehensive training program that incorporates both classroom and on-the-job experience to ensure a successful transition into the Construction Project Manager role Positively impact the customer experience while working directly with the Ryan Homes Community Team Ensure all homes are completed within established budgets, timelines, and project scope Supervise and schedule sub-contractors, while maintaining positive working relationships Manage community assets, conduct quality control inspections, order building materials, and effectively manage customer relations. Qualified applicants have: Bachelor’s degree, preferred Proficient time management, organizational skills, and attention to detail. Excellent interpersonal skills, with the ability to develop strong working relationships Demonstrated leadership abilities Current Driver’s License Construction and/or customer relations experience is a plus About NVR: As the parent company of Ryan Homes, NVHomes and Heartland Homes, NVR is a Top 5 US homebuilder and Fortune 500 company that has been helping families build their happily ever after since 1948. All of our roles at NVR, whether you are in the field or in the office, allow you to make a major impact in the lives of those who are looking to achieve home ownership. Our management team is tenured and talented (nearly 80% of them promoted from within), so you will have mentors who share their knowledge, provid"
CONSTRUCTION,3895223138,Quality Control Manager (Construction/USACE),"Anchorage, AK",Mid-Senior level,0,"Quality Control Manager (Construction/USACE). Since 2012, Silver Mountain has performed over $52 million in a variety of construction projects ranging from design-build to repair and renovation in a variety of locations. Silver Mountain manages both task order IDIQ contracts as well as competitive bid and sole source projects, including 100% design, design-build, demolition, facilities repair, DOD fuels systems, and new construction. Silver Mountain is a certified 8(a) small disadvantaged business headquartered in Alaska with offices nationwide. POSITION PURPOSE:The Quality Control Manager (QCM) will serve on a USACE construction project located at Joint Base Elmendorf Richardson (JBER) in Anchorage, AK. The QCM will be responsible for managing and performing the daily QC responsibilities to ensure projects are constructed in accordance with the established minimum standards and specifications. The QCM role includes direct oversight and review of the entire documentation and physical inspection phase of the workflow process and coordination with personnel, subcontractors, suppliers, and clients to provide and document a quality product. The Quality Control Manager (QCM) will serve on a USACE construction project located in Anchorage, AK. The QCM will be responsible for managing and performing the daily QC responsibilities to ensure projects are constructed in accordance with the established minimum standards and specifications. The QCM role includes direct oversight and review of the entire documentation and physical inspection phase of the workflow process and coordination with personnel, subcontractors, suppliers, and clients to provide and document a quality product. ESSENTIAL DUTIES AND RESPONSIBILITIES:Leads planning, development, and implementation of the Quality Control Management Plan and system for all work divisions from notice to proceed through final customer acceptance.Establishes and leads quality control initiatives, activities, and corrective actions.Reviews project specifications for project qu"
CONSULTANT,3904967562,Sales Consultant,"Urbandale, IA",Mid-Senior level,0,"Sales Consultant. 6004 - Des Moines - 10315 Hickman Rd, Urbandale, Iowa, 50322 CarMax, the way your career should be! Driven by the desire to provide an iconic customer experience At CarMax, we ensure customers can buy the vehicles they want in a way that suits them. That demands a special kind of sales consultant: one who takes time to build relationships with customers in order to understand their true needs. Join us, and you will help each customer purchase the right car, not the most expensive one. We’ve become the nation’s largest retailer of used cars due to our honesty and transparency, and those same traits will help you succeed too. What You Will Do – Essential Responsibilities Use your knowledge of CarMax inventory to assist customers in finding a vehicle that meets their needsGuide customers every step of the way, from sale or appraisal to test drives and arranging financing applicationsComplete all relevant records and documentation to ensure smooth transactions for our customers CarMax pays new Sales Consultants a competitive wage while training and through the first 640 hours of selling, after which commissions become the primary base of pay. Learn and succeed as part of a team This is a high energy sales environment where you will work as a team to meet goals and we’ll give you everything you need to be successful. Auto sales experience is not necessary – we provide paid training and a personal sales mentor who is dedicated to your ongoing development. Bring us your ability to connect with people and build relationships, and we’ll help you succeed. The prospects are bright for sales professionals who aspire to become mentors, managers and business leaders, and who are ready to work and learn as part of a team. Qualifications And Requirements Sales and customer service experience, in an area such as retail, is preferredGood listening skills and a strong customer focusHigh level of self-motivation About CarMax CarMax disrupted the auto industry by delivering the honest, "
CONSULTANT,3902366890,SAP CRM IPM (Intellectual Property Management) Consultant,United States,,0,"SAP CRM IPM (Intellectual Property Management) Consultant. Position: SAP CRM IPM (Intellectual Property Management) Consultant Location: 100% Remote Duration: Long Term Contract Responsibilities Experience in implementing, configuring, and customizing, SAP R/3 with multiple full life cycle implementations, analysis & production support.Experience in TTE (Transaction Tax Engine) Settings for Billing in SAP CRM.The ideal candidate will have expertise in SAP IPM, strong CRM skills.This is a fantastic opportunity for individuals with a passion for intellectual property management and a desire to contribute to innovative projects.CRM middleware, interfaces, Workflow/UWL and portal integration, SAP CRM IPM integrated to SAP ECCSAP Media IPM configuration, integration, implementation"
CONSULTANT,3904583773,Recruitment Consultant,"San Francisco, CA",Entry level,0,"Recruitment Consultant. Entry Level Recruitment ConsultantOnsite in San Francisco (Office Located in the Financial District)Base salary + strong uncapped commission incentives + bonuses + benefitsOTE $65,000 - $75,000 year one If you are target-driven, money motivated, interested in working in a sales role, and enjoy being part of a high-performing team - be sure to submit your application to learn more about our entry level recruitment opportunities! Who We AreHarnham is a specialized recruitment agency that is leading the pack when it comes to Data & AI recruitment. We have been in this space since 2006, when we were founded in the UK, and have continued to grow alongside the market as it has expanded over the past 18 years.Since then, the business has expanded beyond the UK with offices around the globe in New York, San Francisco, Phoenix, and Amsterdam. We are known for our top-of-the-line training programs with our world-class L&D team, internal growth opportunities, reliability and expertise in the market, impressive client lists, and energetic environment. The Job as a Recruitment Consultant - Please Note That This Is A Sales Job!!You will be a full-desk recruiter which means you are responsible for taking ownership of the entire recruitment life cycle from start to finishThis means you will be doing cold outreach and business development to build new client relationships with a variety of hiring managers at companies that need support in hiring specialized talent for their teams and then sourcing and placing the best candidates for the roles.You will develop candidate and client relationships through various means such as cold calling, headhunting, networking, etc., and will provide a high level of service and expertise in the market to become their go-to recruiterYou will be working in a highly productive sales environment and will be expected to consistently hit targets that have been set out for you About YouWe used to call our training a graduate program, and we of course are s"
CONSULTANT,3900092264,Senior HVDC System Design Consultant,"Dallas, TX",Mid-Senior level,4,"Senior HVDC System Design Consultant. About Us We are the independent expert in assurance and risk management. Driven by our purpose, to safeguard life, property, and the environment, we empower our customers and their stakeholders with facts and reliable insights so that critical decisions can be made with confidence. As a trusted voice for many of the world’s most successful organizations, we use our knowledge to advance safety and performance, set industry benchmarks, and inspire and invent solutions to tackle global transformations. About Energy Systems We help customers navigate the complex transition to a decarbonized and more sustainable energy future. We do this by assuring that energy systems work safely and effectively, using solutions that are increasingly digital. We also help industries and governments to navigate the many complex, interrelated transitions taking place globally and regionally, in the energy industry. About The Role Our Energy Advisory group has an exciting opportunity for a Senior HVDC System Design Consultant, in its Power System Advisory (PSA) Department. DNV Energys PSA team provides creative, cost effective and practical solutions to stakeholders in the power generation, transmission, and distribution systems. The Senior HVDC System Design Consultant must demonstrate vision and drive and be passionate about contributing to the growth and evolution of the PSA business in North America. The ideal candidate will be aware of market opportunities where we can differentiate and innovate, and they will manage commercial projects, delivering technical insight and provide customers with excellent customer service. Develop conceptual HVDC and AC transmission system designs, feasibility studies, CAPEX OPEX and availability assessments to address our customers transmission needsPerform electrical design and general arrangements of HVDC systems and substationsPerform AC network studies, and Grid integration studies (power electronic devices integration into the AC grid)Contribute to"
CONSULTANT,3900067497,Sap Finance Control Consultant,"Austin, TX",Mid-Senior level,3,"Sap Finance Control Consultant. W2 Contract and Fulltime SAP FICO GENERICAustin, TX/Sunnyvale, CA Remote: No----------------------Skill: FICO------------------------Job Description: --------------------------o SAP FI: 5-10 yearso Analytical Thinking: 5-10 yearso SAP FICO functional experience specializing in design and configuration of SAP Finance modules. Experience in 2-3 full implementation of SAP FI modules. o Experience in gathering business requirements, providing conceptual and detailed designs to meet business needs, performing necessary SAP configurations, writing detail specifications for development of custom programs, testing, co-ordination of transports to production and post go live support. o Requires excellent verbal and written communication skills, including presentations creation and delivery. o Minimum 5 years of SAP FICO / FI-CA experience. Good understanding of accounting concepts . o Bachelor's Degrees and Post graduate degree (MBA / CA) is required. o Prior experience in high tech or software industries is preferred. Nice to Have:1) RAR Experience- 1-2yrS Please share your resumes to farooq@vmcsofttech.com"
DESIGNER,3886886014,Freelance Graphic Designer,"Chicago, IL",,0,"Freelance Graphic Designer. The ideal candidate will have strong creative skills and a portfolio of work which demonstrates their passion for illustrative design and typography. This candidate will have experiences in working with numerous different design platforms such as digital and print forms. ResponsibilitiesCollaborate with the team to ensure consistency of designs across various media outletsCreate compelling and effective logos, designs, print and digital mediaMaintain awareness of current industry and technology standards, social media, competitive landscape and market trends QualificationsBachelor's degree in Graphic Design or related field2-4 years of experience in graphic designProficient in Adobe Creative SuiteStrong communication, conceptual thinking, typography skills and design skillsPortfolio of work"
DESIGNER,3875677847,Lead Product Designer,"Austin, TX",,0,"Lead Product Designer. Company OverviewThurgood is a career-building and networking platform dedicated to the skilled workers of today and tomorrow. We are on a mission to revolutionize the way skilled tradespeople connect with opportunity. Our platform showcases and connects skilled talent with businesses while celebrating and rewarding personal development and craftsmanship. Thurgood is VC-backed, Austin-based, and looking to take a big swing at an enormous problem. Job DescriptionWe are seeking an entrepreneurial Product Designer as we build out our founding team. The ideal candidate will be primarily an excellent UI/UX designer, but loves to do the ""full stack"" from research and user interviewing, to helping with early marketing collateral and brand direction. This position is based in Austin, TX. We are flexible about working location, but aim to build an in-person, high-energy culture in our founding stages. If that's exciting to you, too, let us know. ResponsibilitiesOwn (and drastically improve) the founder-built Figma, the agency-built brand guide, and the early UX research that has informed our pilots.Conduct user research and usability testing to guide design & product decisions.Build polished, simple, and effective designs for our target user.Iterate based on feedback and data.Over time, grow the design discipline and team. QualificationsStrong portfolio showcasing design skills and past projects, especially mobile-first, consumer, and/or social products.Experience working at scaled internet companies.Experience and excitement for data-driven product development.Bonus points for affinity for blue-collar labor, either hands-on experience or prior work with this userbase. Salary & BenefitsUnrivaled opportunity to learn and growCompetitive base salaryEquity / stock optionsUp to 100% paid premiums for medical, dental, and vision insuranceFlexible PTO"
DESIGNER,3903449152,Graphic Designer,"Phoenix, AZ",Associate,3,"Graphic Designer. Summary : This role designs, creates, and oversees art projects in support of the company’s marketing objectives. Responsible for the overall quality of creative projects including product packaging, catalogs, advertising, brochures, websites, video, and e-newsletters. Requires good project management skills, a solid understanding of the printing process, and a high level of knowledge of design tools, such as Adobe InDesign. Needs a strong understanding of Photoshop, Adobe Illustrator, and a willingness to learn new technologies. must have good time management skills to meet deadlines and excellent collaboration skills. Essential Functions and Responsibilities : To perform this job successfully, an individual must be able to perform each essential function satisfactorily. Translate marketing objectives into creative strategies Concept complex collateral and marketing projects considering objectives, cost, brand standards, communications goals and design principles to deliver strategic solutions Ensures adherence to brand guidelines and consistency of design, establishing brand standards when needed Conceive of projects as campaigns across various media Manage creative projects from concept to completion Determines size and arrangement of illustrative material and copy, selects style and size of type, and arranges layout based on knowledge of design principles and aesthetic design concepts Manage multiple projects, short timelines, and requests for revisions without losing sight of priorities. Responsible for the development of product packaging Develops iconography, logos and other graphics Assist in the development of processes and policies to increase efficiency and save costs Update and maintain digital photography, brand, and project files Use current graphic design software, Product Information Management and Digital Asset Management to optimize artwork and improve efficiency Hands-on skills should include Adobe Illustrator, Photoshop, and InDesign. Also desira"
DESIGNER,3905289290,UX Designer,"Asheville, NC",Mid-Senior level,3,"UX Designer. Centurion is looking for a Senior User Experience Designer for one of clients located in Asheville, NC. This role will be on site. Responsibilities:• Provide leadership and direction for day-to-day activities of the user engagement team• Provide development support for use-inspired products and services by assessing user needs and aligning development efforts with IRA priorities.• Design and conduct user engagement activities tailored to Inflation Reduction Act (IRA) priority sectors, fostering meaningful collaboration.• Extract, define, and translate user functional requirements into design specifications for product development, ensuring alignment with user needs.• Develop and deliver user analytics for IRA and Bipartisan Infrastructure Law (BIL) activities, contributing to the assessment of project impact.• Document the effectiveness of NCEI’s product suite in meeting user needs, providing insights for continuous improvement. Required Skills:• Experience leading and managing diverse and geographically dispersed teams to achieve objectives and meet quality expectations• Experience in development support for products based on user needs, ensuring the successful alignment of products with user requirements.• Strong time management and organizational skills with the ability to plan and/or conduct multiple user engagement activities concurrently• Strong user engagement and communication skills, fostering positive relationships with stakeholders and project collaborators.• Proficiency in translating user requirements into design specifications, guiding product development efforts.• Ability to document and analyze user engagement effectiveness, contributing to ongoing project assessment.Minimum Qualification/Requirements:• Bachelor’s degree in a relevant field, emphasizing communication, technical writing, requirements development, or related disciplines.• 10+ years of relevant work experience"
DESIGNER,3904974265,Lead Product Designer,"Los Angeles, CA",,0,"Lead Product Designer. Looking to join a growing VC-backed Start-Up in the US?Looking to work fully remotely?Looking to do both? Then look no further than this advert... Ok, so it's been said that product design is the heartbeat of any product-based organisation... That's according to Justin Mifsud, founder of Usability Geek, who said that 88% of online consumers are less likely to return to a site/product after a bad experience. This organisation understands that better than most, and they're looking to add an experienced Product Designer to their small in-house team as their product continues to go from strength to strength! I am ideally looking for product-minded Designers who are comfortable owning the entire product lifecycle from end-to-end, essentially taking on elements of a product management role. You'll be working with a range of tools/tech (Figma, Axure, Sketch, Adobe XD etc.) and the role offers opportunities to move into a leadership position later on down the line, as the team (and business) continues to expand... You'll also be joining a diverse and inclusive culture, where collaboration, flexibility and acceptance are the key focuses. In terms of key requirements, we all dislike shopping lists of skills (this company definitely aren't a fan!), so I've narrowed it down to the following: Genuine interest in all things Design, including any examples of personal projects and a portfolio showcasing some of your work...Experience working in a B2B/B2C environment (ideally for a product-based company)...Skilled across a range of tools including Figma, Zeplin, Axure, Sketch, Adobe XD etc...Experience owning the end-to-end design of a product, from research/discovery, synthesis, user flows, wireframes, to UX/UI, and interactive prototypes. In terms of the other important stuff (i.e. salary, location), here's a quick breakdown: Salary is $150,000 - $200,000 plus package (401K, stocks etc.)Location is LA - this is office-based with some remote working, but this isn't a remote role (i"
DIGITAL-MEDIA,3887835585,"VP,  Digital Marketing -B2B Manufacturing","Chattanooga, TN",,0,"VP,  Digital Marketing -B2B Manufacturing. Overview: Our client is seeking a dynamic, data-driven Vice President of Digital Marketing to lead all digital marketing initiatives across the organization. Reporting directly to the President and collaborating closely with the Private Equityfirm, the successful candidate will drive the development and execution of digitalstrategies aimed at increasing profitability. As a highly successful $25 million firm, our client is dedicated to delivering exceptional experiences forboth new and repeat clients across several segments. Key notes: Hands-on department of one right now,Located on-site, High growth via digital marketing past experience, Smaller sized ($25m) manufacturing firm experience is strongly desired,Digital Marketing Lead,Marketplace experience. Responsibilities: The Vice President of Digital Marketing will create and manage the marketingand digital strategies of the company by developing digital performance campaigns, overseeing the customer service and inbound sales Team and play a pivotal role in developing & achieving KPIs.Build market awareness strategies for the company and drive demand to thecompany’s consultative sales funnel.Drive cross-functional collaboration by actively engaging with variousdepartments to ensure alignment and cohesiveness in achieving marketinggoals.Develop a new company website that is SEO optimized.Develop and execute digital strategies for continued customer engagement andconversion to purchase.Optimize conversion points both online and offline, oversee website developmentas a customer touchpoint tool, and the modernization of CRM platforms.Develop, execute and optimize the performance of digital campaigns, outsideagencies, along with the ability to directly measure and manage customersuccess-driven sales development reports.Create campaigns then optimize performance of digital marketing efforts with astrong focus on test and learn methodologies.Manage and lead the customer service and inbound sales team(currently 4 direct rep"
DIGITAL-MEDIA,3829184899,Social Media Manager/Specialist,"Phoenix, AZ",,0,"Social Media Manager/Specialist. Position: Social Media Manager/SpecialistLocation: HybridType: Full-time/Internship Understanding the challenges faced by OPT students in securing employment in the US in 2024, we provide an OPT training opportunity and particularly encourage those in this situation to apply. For all others who are also passionate about e-commerce and thrive in the dynamic pace of a startup environment, join us, and let's grow together! Key ResponsibilitiesDevelop and implement a comprehensive social media strategy to increase our brand visibility, engagement, and traffic across all platforms including Linkedin, Instagram, Facebook, Pinterest, and Twitter.Create, curate, and manage all published content (images, video, written) to align with our brand's voice and mission.Monitor, listen, and respond to users in a “Social” way while cultivating leads and sales.Develop and expand community and/or influencer outreach efforts.Design, create, and manage promotions and social ad campaigns, being sure to integrate with the company’s overall marketing campaign plan and channels.Analyze key metrics and tweak strategy as needed.Become an advocate for the company in social media spaces, engaging in dialogues and answering questions where appropriate.Demonstrate ability to map out a comprehensive marketing plan. Drive strategies that are proven by testing and metrics. QualificationsBachelor's degree in Marketing, Communications, or a related field.Proven working experience in social media marketing or as a Digital Media Specialist.Excellent consulting, writing, editing (photo/video/text), presentation, and communication skills.Demonstrable social networking experience and social analytics tools knowledge.Knowledge of online marketing and a good understanding of major marketing channels.Positive attitude, detail, and customer-oriented with good multitasking and organizational ability.Fluency in English, and Chinese is a Preference What We OfferFlexible working hours and the ability to work hybri"
DIGITAL-MEDIA,3902739151,"Specialist, Social Media / Editor","Nashville, TN",Entry level,0,"Specialist, Social Media / Editor. The Specialist, Social Media / Editor will play a key role in supporting the team to help our artists deliver social media content to their fans. This role provides support to the VP of Digital Marketing and helps with the day to day management of assigned artist projects. Position requires interaction with members of senior management, creative services, and external artist teams. What you'll do: Support the Digital Marketing team to edit and render engaging video content supplied by artist teams and our creative services department for social / online platforms.Specialize in creating short-form video content that is authentic to individual platforms (including organic video with bubble type on TikTok, pre-roll for digital advertising that meets platform specs, edit music video teasers in a variety of specs like vertical, landscape, square, etc.)Ideate and create compelling ad content for social platforms around single, album, music video releases and other initiativesResearch and present best practices for content optimizationFollow emerging social trends in real time and flag opportunities to capitalize on these trends quickly with compelling content Who you are: A self-starter with at least one year of experience creating digital or social media content campaigns across multiple brand voices simultaneously and a proven ability to follow project branding formulated by the Creative TeamA creative team member with fluent knowledge of adobe creative suite (Photoshop, Premiere, Final Cut or equivalent editing software) and proficiency in Adobe After Effects and working with kinetic typeA detail-oriented individual with an expert understanding of emerging trends and techniques in social content and how it applies to each artist audienceAn excellent communicator and enthusiastic collaborator who works well with team members, external partners and senior managementA highly organized person that prioritizes workload, gives close attention to the details and has a great w"
DIGITAL-MEDIA,3900084964,Social Media Manager,"Charlotte, NC",Mid-Senior level,3,"Social Media Manager. We are hiring a Social Media Manager in your area! As a Social Media Manager, you’ll be responsible for creating, curating, and managing content across various social media platforms, including Instagram, TikTok, and Facebook. Your goal will be to enhance brand visibility, engage with the audience, and drive traffic to our online presence. Benefits: Competitive salary Direct Deposit every Friday Performance Bonus Company Profit Sharing Bonus Safety Bonus Company provided cell phone, vehicle and gas card 8 paid federal holidays Paid Vacation Excellent Medical, Dental, and Vision (HSA and FSA Spending Accounts) 401k match, Paid Time Off, Employee Discounts Company Paid and voluntary Life and AD& D, Short- and Long-Term Disability ConServ Building Services was founded in 1991, as the service division of BCH Mechanical. We began dispatching HVAC techs in the Tampa Bay, FL area and in just a short time, ConServ’s reputation for customer service and technical expertise began to grow in GA, SC, NC, VA, TN, MS and AL. We are the number one choice for regional clients with multiple accounts, convenience stores, and those who prefer remote monitoring and control. What you will be doing: Content Creation and Curation: Develop engaging and relevant content for Instagram, TikTok, and Facebook. Curate user-generated content and share it strategically. Platform Management: Maintain a consistent posting schedule on all platforms. Monitor comments, messages, and mentions, responding promptly and professionally. Optimize profiles and ensure brand consistency. Audience Engagement: Foster meaningful interactions with followers. Run contests, polls, and Q&A sessions to engage the audience. Encourage user-generated content and community participation. Analytics and Reporting: Track key performance metrics (likes, shares, followers, etc.). Analyze data to refine strategies and improve reach. Prepare regular reports for management. Campaigns and Advertising: Plan and execute social media c"
DIGITAL-MEDIA,3888051149,Summer Intern - Marketing/Social Media/Project,United States,,0,"Summer Intern - Marketing/Social Media/Project. WTV Consulting Summer Internship ProgramJoin Our Cross-Collaborative Intern Cohort! WTV Consulting is excited to launch our 12-week Summer Internship Program for ambitious college students. Dive into the operational heart of our startup, gain hands-on experience in Marketing, Branding, and Operations, and work under the mentorship of industry leaders. This is a perfect opportunity for those looking to make an impact in a dynamic environment.Location: Remote, USDuration: 12 Weeks (May-August 2024)Commitment: 35 hours per weekPositions: 3 Eligibility: Current college students ONLY. This internship is unpaid but eligible for course credit. (Check with your University) 1. Marketing and Content Development InternDepartment Focus: MarketingAs a Marketing Intern, you will focus on enhancing our marketing efforts from the top of the funnel to conversion. You will be instrumental in developing marketing content, optimizing marketing sequences, and creating effective lead magnets. Responsibilities:Develop and launch a marketing funnel strategy focused on optimizing lead generation and nurturing processes.Create and manage content for various stages of the marketing funnel.Design and implement effective lead magnets to enhance lead generation.Optimize marketing automation and sequences for maximum efficiency.Analyze marketing efforts and present findings along with future recommendations to the team. Skills Required:Strong writing and content creation skills, with a knack for storytelling.Familiarity with social media trends and analytics platforms.Knowledge of SEO best practices and content marketing strategies.Google analytics experience or willingness to learn. 2. Social Media Intern – Department Focus: Branding and Visual DesignAs a Social Media Intern, you will focus on implementing and managing a comprehensive social media strategy. You will create engaging content, analyze performance data, and interact with our community to boost our online presence and engagement metr"
ENGINEERING,3901940038,R&D Product Engineer III,"Tewksbury, MA",Mid-Senior level,3,"R&D Product Engineer III. We’re Hiring for a R&D Product Engineer III to join our team! If you are excited and passionate about helping #LetsSolveWater, consider joining our team today! Xylem, Inc. is a leading global water technology company servicing more than 150 countries and is dedicated to solving the world’s most challenging water issues. We are looking for individuals to join our mission by exceeding customer expectations through smart sustainable solutions. At Xylem, you will have the opportunity to solve water by participating in our paid Volunteer Program, Xylem Watermark! This R&D Product Engineer opportunity is part of the Research and Development (R&D) Department of Xylem supporting design and development of new products, improvement of existing products, and sustaining engineering. An ideal candidate would be a self-starter with experience in mechanical design, analysis, material selection and testing, project management, data collection and analysis, and report writing. This candidate may also support installation, start-ups and field testing, troubleshooting products, repairs and maintenance to our water treatment equipment and products. There will also be hands-on work developing and executing test plans and communicating results in a timely manner. This position will support the factory/quality on performing issue root cause analysis to resolve performance related issues and propose solutions. Writing and resolving ECN as needed. This position will work closely with engineering, manufacturing, quality, sourcing, sales, vendors and product management personnel. Duties include part design, 3D CAD, component and material selection, qualification of new material/components, assembly design, and engineering documentation. The expectations are that we will work from a product roadmap from the product management team to drive growth and expansion of the product lines. This includes new product innovation, value engineering and sustaining, and product improvement. Roles and Respon"
ENGINEERING,3904393333,Quality Engineer,"Columbus, IN",Entry level,3,"Quality Engineer. Cleveland-Cliffs Tubular Components has an immediate opportunity for a Quality Engineer at our Columbus, IN location. The Quality Engineer is responsible for maintaining and continuously improving the quality assurance system by coordinating and investigating problems with the product and processes and recommending or implementing corrective actions. To lead, coordinate customer complaints and drive timely disposition, to improve customer and vendor satisfaction. The ideal candidate will have quality assurance experience in a manufacturing facility with QS/ISO certification and experience with Tier 1 automotive. Summary Of Responsibilities Lead corrective action by using a variety of analytical and statistical toolsDevelop, implement, monitor, and control QA system to assure product quality based on customer and product specificationsInterface with customers and suppliers to resolve quality problemsDevelop, motivate, and train qualified personnel to QA standardsSolve internal and external quality problemsProvide customer complaint summary and trends to all personnelImprove QA system procedures and instructionsTrain personnel in QA procedures and instructionsMonitor cost of quality, reduce waste and non-value-added activityLayout and use of measuring tools.Audit our QA systemOther duties as assigned Minimum Qualifications Bachelor's degree in Engineering or equivalent experienceQS/ISO 9000 auditor trainedSPC, DOE, TOPS, APQP, PPAP, QFDLayout and GD&T Preferred Qualifications Effective communicationsAnalytical problem solverDiplomaticPC software, word processing and spreadsheets Cleveland-Cliffs Inc. is the largest flat-rolled steel company and the largest iron ore pellet producer in North America. The Company is vertically integrated from mined raw materials, direct reduced iron, and ferrous scrap to primary steelmaking and downstream finishing, stamping, tooling, and tubing. We offer an excellent total compensation package including top pay with variable compensatio"
ENGINEERING,3904387555,Supplier Quality Engineer,"Fort Collins, CO",Entry level,3,"Supplier Quality Engineer. Woodward’s Diversity, Inclusion and Belonging Commitment At Woodward, no matter where you are from, your physical appearance, or how you identify, you deserve the opportunity to reach your greatest potential. We are on a journey to achieve this as an organization and want to work closely with our members to set the right path. We humbly acknowledge this will be an imperfect journey. Yet, we are steadfastly committed to embracing the power of diverse people, perspectives and experiences for our current members, attracting the best talent across our communities, and creating an inclusive and rewarding workplaces for all. Woodward supports our members’ wellbeing and regularly benchmarks with other companies in our industry to offer an extensive Total Reward package for this position. Salary will be determined by the applicant's education, experience, knowledge, skills, and abilities, as well as internal equity and alignment with market data. Estimated annual base pay: $72,300 (minimum) - $90,400 (midpoint) - $108,500 (maximum) All members included in cash bonus opportunity401(k) match (4.5%)Annual Woodward stock contribution (5%)Tuition reimbursement and Training/Professional Development opportunities for all members 12 paid holidays, including floating holidays Industry leading medical, dental, and vision Insurance upon date of hireVacation / Sick Time / Vacation Buy-up / Short Term Disability / Bereavement leave Paid parental leaveAdoption Assistance Employee Assistance Program, including mental health benefits Member Life & AD&D / Long Term Disability / Member Optional Life Member referral bonus Spouse / Child Optional Life / Optional AD&D / Healthcare and Dependent Care Flexible Spending Voluntary benefits, including: Home / Auto Insurance discounts Whole Life Insurance / Critical Illness Insurance / Legal Assistance / Military Leave Are you ready to make your mark? If you’re a Supplier Quality Engineer, we have an exciting opportunity for you. The Supplier Quality"
ENGINEERING,3884820693,Product Support Engineer,"Hampton, NJ",Entry level,0,"Product Support Engineer. Job Title Product Support Engineer Location Hampton, NJ About Us For more than 100 years, professionals have relied on Ingersoll Rand for Quality and Performance on the toughest jobs. Our advanced engineering and manufacturing have a standard of excellence often copied but never matched. When it comes to assembly tools, industrial tools, cordless tools, and vehicle service tools, our clients don’t settle for less. Job Summary Join our dynamic Power Tools and Lifting division where innovation meets excellence. From demolishing mines to erecting skyscrapers, our powerful tools make building thrilling and efficient. As a pivotal member of our team, serving in the technical customer service group, the Product Support Engineer brings a strong mechanical aptitude that aids them in developing solutions to the technical challenges faced by our customers. From pneumatic wonders to cutting-edge electronic tools, cordless marvels to powerful hoists, air motors to engine starters, our product support team possess the expertise to navigate through a myriad of complexities. At the heart of our mission is the unwavering commitment to ensuring seamless customer experiences. While fluency in English is essential, bilingual skills in Spanish and/or French is advantageous and will set your resume apart from the crowd. The goal in this position is to provide insightful guidance on product application, utilization, and repair. Our Product Support Engineers empower our clients to optimize their operations while minimizing downtime, particularly in critical assembly processes. By swiftly resolving customer challenges, we pave the path for future sales opportunities, driving our continued success and growth. Through our relentless dedication to efficiency, we aim not only to resolve issues swiftly and effectively but also to enhance the overall ease of doing business with Ingersoll Rand. Responsibilities Provide technical product support to customers for applicable products: Troubleshootin"
ENGINEERING,3906257186,Quality Process Engineer,"Kansas City, MO",,0,"Quality Process Engineer. Job Description We are the movers of the world and the makers of the future. We get up every day, roll up our sleeves and build a better world -- together. At Ford, we’re all a part of something bigger than ourselves. What will you make today? As part of our Manufacturing team, you’ll help build the world-class, state-of-the-art smart vehicles we're known for. In our plants around the world, we’re constantly developing new technologies and processes to further increase our efficiency. You'll get the satisfaction of making great products people use and love. In this position... Own the Quality and the capability of the manufacturing processes within the Assembly department. Responsibilities What you'll do... Apply engineering principles & analytical techniques to drive continuous improvement to manufacturing processesLead development of interim and permanent corrective actions to resolve quality issues using 8D methodology and structured problem-solving toolsPlay an integral part in the Launch process by establishing and monitoring quality target levels at the workstation level for each build phase to validate workstations readinessConduct process audits to ensure process adheres to Vehicle Operations guidelines and specific process standardsAct as team leader in resolving assembly related concerns. Lead variability reduction and lean manufacturing initiatives and best practices.Support ISO 14001 compliance and support internal ISO auditing and compliance as required Lead development of solutions for throughput constraintsManage and direct statistical process control activitiesReview internal/external suppliers for critical characteristic process compatibilitySupport efficiency planning to ensure workstation are properly set up with quality risks identified and addressed Qualifications You'll have... Education: High School Diploma Manufacturing/Technology engineering work experiencePrevious automotive and quality analysis experiencePrevious production supervision Req"
FINANCE,3906254040,Sr. Financial Analyst - Dealer,"Ramsey, NJ",Mid-Senior level,3,"Sr. Financial Analyst - Dealer. Overview The Sr Financial Analyst position is a finance, accounting, and sales support role within the Dealer channel. The purpose of the position is to provide business and financial analysis and support to the Dealer channel, Marketing department, and various internal customers. Responsibilities include, but are not limited to, business and financial reporting, month end close, channel commissions, creation and electronic distribution of financial reports and analytics. This position will interact with field personnel, sales leadership, various internal departments, and executive leadership. The Sr Financial Analyst position reports to the Manager of Financial Planning & Analysis - Dealer. Responsibilities Accounting for and analysis of channel-related balance sheet accounts and expense allocations. Includes preparation of journal entries and reconciliation schedules. Create and distribute various monthly dealer-by-dealer reports (i.e. M&A and P&S) including Forecast vs Actual, year over year, trends, and stack rankings etc. Calculation, filing and reporting of monthly/quarterly/annual sales commission for channel sales managers, VPs, and field sales personnel. Provide necessary support. Liaise with various internal departments including accounting, marketing, sales admin for financial information and problem resolution. Working closely with the Manager of FP&A, continuously examine and reengineer processes using information technology tools for improving and automating forecasting and actual reporting. Assist in the co-ordination of the month end financial closing process to ensure all deadlines are met and information is presented accurately in accordance with GAAP to external auditors. Respond to various field inquiries as necessary Ad Hoc Analysis and reporting Other duties/responsibilities as assigned. Qualifications Bachelor’s Degree in finance or accounting 5+ years of related work experience Strong analytical, communication, and organizational skills are r"
FINANCE,3889776778,Financial Analyst,"Audubon, PA",Entry level,0,"Financial Analyst. Our client, One of the largest transmission providers in the north east region, is seeking a Financial Analyst to join their team! HYBRID IN AUDUBON PA (1-2 Days onsite) This is a 12 Month W2 Contract with opportunity to convert/extend. The ideal candidate will be responsible for using their analytical mindset to analyze and interpret financial data, then relating it to potential business trends and issues. This candidate will feel comfortable using insights they have discovered to communicate important themes and discoveries to company leadership. ResponsibilitiesAnalyze current and past financial data and performance to make recommendations on profit enhancementConsistently analyze financial information based on both routine and ad-hoc reportsInterpret financial data to recognize changing trends, patterns, and their meaning related to key performance indicatorsCommunicate financial insights suggesting business issues to management Qualifications Bachelor's degree in Accounting, Economics, or Finance or equivalent experience0 - 3 years' financial analysis and modeling experienceAdvanced knowledge of ExcelSAP is a plus"
FINANCE,3904364142,Senior Financial Analyst,"Covington, LA",Mid-Senior level,0,"Senior Financial Analyst. Are you obsessed with data analytics, deriving intelligence to support the business, and continuous process improvements? If you’re an experienced senior analyst with strong Excel skills, let’s talk!Veriforce® is a recognized leader in delivering supply chain risk management and compliance solutions that help bring workers home safe each day across multiple industries. Our SaaS-based contractor management and compliance software solutions, along with our standardized safety training programs empower leading organizations to drive safety and compliance down to the worker level and more effectively mitigate supply chain and regulatory risk. Veriforce is growing quickly and we’re looking for a motivated analytical thinker to join our fantastic team. The position will report directly to the Sr. Manager, FP&A and frequently work on key initiatives for the CFO. Veriforce is looking for a detail-oriented and strategically minded senior financial analyst to join our fast-growing team. The ideal candidate is someone with 5-7 years of experience in a similar position with demonstrated high functioning capabilities to help improve the company’s financial analytics capabilities by analyzing and interpreting data and making comparative analyses and recommending actions to management. Position Overview As the business is growing and becoming more complex, we are evolving how Finance supports the more sophisticated needs of the business. To be successful as a senior financial analyst, you should be able to perform a variety of financial activities including planning, analysis, budgeting, and reporting with a high degree of accuracy. You should also have strong analytical, organizational, and problem-solving skills and be able to present financial information and models in a concise and easily comprehensible manner. This position will handle sensitive data and workloads that require a very high attention to detail. The right candidate must also have the ability to quickly assimilat"
FINANCE,3886479155,Financial Analyst,"Chicago, IL",Entry level,3,"Financial Analyst. This inclusive employer is a member of myGwork – the largest global platform for the LGBTQ+ business community. JLL supports the Whole You, personally and professionally. Our people at JLL are shaping the future of real estate for a better world by combining world class services, advisory and technology to our clients. We are committed to hiring the best, most talented people in our industry; and we support them through professional growth, flexibility, and personalized benefits to manage life in and outside of work. Whether you've got deep experience in commercial real estate, skilled trades, and technology, or you're looking to apply your relevant experience to a new industry, we empower you to shape a brighter way forward so you can thrive professionally and personally. We are currently seeking a Financial Analyst to join our Work Dynamics Client Finance Organization on a start-up client account. Our Financial Analyst is a collaborative team member supporting core business analysis and metrics for the account. If you are a clear communicator, organized with effective time management skills, demonstrating a willingness to learn and adapt, with the highest standards of behavior, collaborative manner, and work ethic then this role is for you. What This Job Involves Complete and support regular and ad-hoc reporting, including informal and formal internal and client documents, reports, graphs, charts, and presentations. Support team's efforts to develop efficient reporting strategies, including automation and simplification of reporting processes while preserving data integrity.Organize and maintain team data collection, reporting and communication. Support cost-savings and process improvement initiatives.Participate in the development and distribution of best practices, process documentation, and user support materials for reporting. Monthly & quarterly report generation.Run day to day reporting and forecasting activities. Maintain and enhance reporting.Identify tact"
FINANCE,3905252807,Financial Analyst - Revenue Analytics (Entry Level),United States,Entry level,3,"Financial Analyst - Revenue Analytics (Entry Level). At Solis Mammography, our patient-focused culture is at the heart of every interaction. We deliver the care, compassion and high-touch experience that have made us a valued healthcare partner to the generations of women that we serve. As the nation’s leader in breast health services, our commitment to providing excellence in patient care is realized at every level of our organization. If you are an ambitious self-starter who thrives in an environment where you are empowered to take ownership of your area of responsibility, we would like to speak to you. Location: Hybrid environment between in office and remote. Applicant must reside in the Dallas/ Fort Worth area The Financial Analyst - Revenue Analytics is responsible for supporting a broad array of strategic, complex analytical projects and divisional planning; interfacing with various business teams, developing an understanding of business needs. Duties/Responsibilities Understands, promotes and demonstrates the Solis Way Capital budgeting and management throughout the year, including center operations and IT projects Forecasting Monthly for capital expendituresReporting on Capital spend vs budget and forecastROI analysis on new locationsCenter financial performance tracking and other ad hoc analyses, as requiredCapital PO approval process – Initiating Capital expenditure requests, monitor approval workflow, validating to budgetSupport the company’s treasury function Role Scope/Qualifications Bachelor’s Degree in Finance/Accounting/CIS/Mathematics. MBA and/or CPA is a plus.2-4 years of work experience or recent graduate with 4 year degree in Finance/Accounting/CIS/Mathematics. Develops proforma modeling and ROI analysis to support strategic capital investments.Helps prioritize investments and capital expenditures through due diligence and active collaboration.Experience in data analysis, variance analysis and information reporting; presenting financial information in a consumable format.Advanced Excel modeling is"
FITNESS,3901360892,Fitness Specialist,"Gainesville, GA",Entry level,2,"Fitness Specialist. Work With Purpose At Ageility, we bring the transformative, inspiring power of movement and holistic wellness to our customers, and cultivate an energizing and nurturing environment for our team members. As pioneers in rehab and fitness for older adults, we support therapists in creatively engaging with clients through a practice setting that goes far beyond what is possible in more typical home health or medical settings. Our team does what they love, in community-based, state-of-the-art clinic settings, and with professional support from day one. Part Time (about 5 Hours Weekly) opportunity to grow no nights, holidays or weekends required 1:1 training & groups Help create a world in which the quality of life is ageless. Join a leading national provider of specialized rehabilitation therapy, fitness training, and wellness services — exclusively designed for older adults living in active senior living communities. Keep reading if you are looking for a position where you will be part of a dynamic rehab team in a growing company. Experience a non-traditional outpatient rehabilitation setting that is not your typical outpatient clinic, and enjoy every day being different from the last. What You’ll Do Put your passion to work in meaningful ways in a non-traditional setting. Here’s how: Use your extensive expertise in fitness — and sincere desire to help people — to work with active older adults to achieve their fitness goalsWe believe quality of life is ageless. Coach, inspire, and lead your clients to reach their fitness goals so they can live their best life What You’ll Bring You need to have at least 1 of these: Associates degree in field of study related to Fitness and Wellness such as Exercise Science, Kinesiology, or Gerontology OR NCCA Accredited Certification Ideally You Also Have 1 year of experience providing personal or group fitness sessionsSome experience working with older adults About Ageility Ageility provides both rehabilitation and fitness services for"
FITNESS,3492110889,Group Fitness Instructor,"Oklahoma City, OK",,0,"Group Fitness Instructor. Company DescriptionBurn Boot Camp is a fitness facility located in South Oklahoma City, OK. We offer unlimited 45-minute camps, complimentary child watch, one-on-one focus meetings, and personalized nutrition guidance within a supportive community. Our mission is to empower women of all ages to maximize the quality of their lives, build confidence, happiness, and disciplines that transcend fitness into a community of mentally, emotionally, and physically strong women. We aim to educate, influence, and inspire every life we touch. Role DescriptionThis is a part-time on-site role for a Group Fitness Instructor at Burn Boot Camp in South Oklahoma City, OK. The Group Fitness Instructor will be responsible for leading group exercise classes, providing fitness instruction, delivering exceptional customer service, and providing personalized training sessions. QualificationsExperience in group exercise and fitness instructionStrong customer service skillsKnowledge of personal training techniques and methodsUnderstanding of the fitness industryA passion for helping and motivating othersAbility to create a supportive and inclusive environmentCertification in group fitness or personal training is a plusExcellent communication and interpersonal skills"
FITNESS,3901362771,Fitness Specialist,"Myrtle Beach, SC",Entry level,2,"Fitness Specialist. Work With Purpose At Ageility, we bring the transformative, inspiring power of movement and holistic wellness to our customers, and cultivate an energizing and nurturing environment for our team members. As pioneers in rehab and fitness for older adults, we support therapists in creatively engaging with clients through a practice setting that goes far beyond what is possible in more typical home health or medical settings. Our team does what they love, in community-based, state-of-the-art clinic settings, and with professional support from day one. Part Time (about 4 Hours Weekly) opportunity to grow no nights, holidays or weekends required 1:1 training & groups Help create a world in which the quality of life is ageless. Join a leading national provider of specialized rehabilitation therapy, fitness training, and wellness services — exclusively designed for older adults living in active senior living communities. Keep reading if you are looking for a position where you will be part of a dynamic rehab team in a growing company. Experience a non-traditional outpatient rehabilitation setting that is not your typical outpatient clinic, and enjoy every day being different from the last. What You’ll Do Put your passion to work in meaningful ways in a non-traditional setting. Here’s how: Use your extensive expertise in fitness — and sincere desire to help people — to work with active older adults to achieve their fitness goalsWe believe quality of life is ageless. Coach, inspire, and lead your clients to reach their fitness goals so they can live their best life What You’ll Bring You need to have at least 1 of these: Associates degree in field of study related to Fitness and Wellness such as Exercise Science, Kinesiology, or Gerontology OR NCCA Accredited Certification Ideally You Also Have 1 year of experience providing personal or group fitness sessionsSome experience working with older adults About Ageility Ageility provides both rehabilitation and fitness services for"
FITNESS,3886446392,Retail Sales Associate Bikes & Fitness,"Grand Rapids, MI",Entry level,0,"Retail Sales Associate Bikes & Fitness. At DICK’S Sporting Goods, we believe in how positively sports can change lives. On our team, everyone plays a critical role in creating confidence and excitement by personally equipping all athletes to achieve their dreams. We are committed to creating an inclusive and diverse workforce, reflecting the communities we serve. If you are ready to make a difference as part of the world’s greatest sports team, apply to join our team today! Overview OVERVIEW: Our store teammates are passionate about creating an exceptional shopping experience for our customers through their eagerness to help, in-depth product knowledge, high brand and execution standards, and ability to prioritize. Greet everyone and proactively approach customers to understand their needs and support their shopping experience.Uphold company merchandising and presentation standards by following established floor sets, signage requirements, price changes, inventory presentation and replenishment standards, etc.Promote company programs (i.e., customer loyalty program participation, warranty sales, private label credit card enrollment, etc.).Adhere to established policies and procedures related to safety, loss prevention and standard operating procedures. Maintains confidentiality of all Company information.Create an inclusive store environment where everyone (teammates and customer) feels welcome, safe, and is treated with respect.Take an all-hands-on-deck approach to support the team across the store.Perform other tasks as assigned by management. Teammate Traits Our traits set the bar as to what great teammates look like. They define the behaviors that can drive our business while ensuring a great teammate and athlete experience. Here are the traits we look for in our store teammates: Ensures AccountabilityCustomer-FocusCollaborativeInstills TrustDecision-Quality/Decision-Making AbilitiesAction-Oriented Qualifications Prior retail sales, cashier, or customer-focused experience preferred.Ability to stand, b"
FITNESS,3885114143,Personal Trainer,"Dana Point, CA",,0,"Personal Trainer. Overview:Fitness Together in Dana Point, CA has been helping clients in the Dana Point area for over 20yrs. We are a highly reputable 1-to-1 personal training studio that is changing how degreed fitness professionals are employed: no more sales, split shifts, hourly pay, or trying to find your own clients. A note from our Owner:My mission is to create a family-like team atmosphere with the goal of achieving success for our clients, while also being rewarded for our efforts by having salaried positions. We are seeking a degreed personal trainer that wants to make fitness their career & has a passion for helping others but needs the stability of a consistent schedule and pay structure. Our Personal Trainers Earn:Target Total Pay with Benefits & Bonuses: $50,000 to $55,000/year (No Sales Required)Base Salary: starting from $42,500 to $47,500Benefits Package + Team Bonus Approx Value: $7,500/yearOpportunity for performance raises and growth into leadershipHealth insurance, 50% paid by company (up to $150/mo.)$700 CFSC Certification ($500/year towards continuing education thereafter)5 days paid vacation 6-8 days paid holiday Things You Will Need:Have a degree in Exercise Science, Kinesiology, etc.Two years of personal training experience is preferred but we will take you through an extensive onboarding and training process to set you up for success and provide continual professional development.Be available for a full-time training schedule:Afternoon/Evening Shift: Monday-Thursdays 12:30pm-9:00pm & Saturdays 6:45am-3:00pm As a Fitness Together Personal Trainer, you will: Design safe and effective fitness programs, accommodating the unique needs and goals of each clientEducate and empower clients with a clear understanding of their fitness program so that they are motivated to stay committed to their plan outside of the studioBring a positive attitude and show regular appreciation to clients and team members everydayCreate unique, memorable, and personal experiences for c"
HEALTHCARE,3902744635,Registered Nurse Clinical Support Resource,"Sanford, FL",Mid-Senior level,3,"Registered Nurse Clinical Support Resource. Description Introduction Do you currently have an opportunity to make a real impact with your work? With over 2,000 sites of care and serving over 31.2 million patient interactions every year, nurses at HCA Florida Lake Monroe Hospital have the opportunity to make a real impact. As a(an) Registered Nurse Clinical Support Resource you can be a part of change. Benefits HCA Florida Lake Monroe Hospital, offers a total rewards package that supports the health, life, career and retirement of our colleagues. The available plans and programs include: Comprehensive medical coverage that covers many common services at no cost or for a low copay. Plans include prescription drug and behavioral health coverage as well as free telemedicine services and free AirMed medical transportation. Additional options for dental and vision benefits, life and disability coverage, flexible spending accounts, supplemental health protection plans (accident, critical illness, hospital indemnity), auto and home insurance, identity theft protection, legal counseling, long-term care coverage, moving assistance, pet insurance and more. Free counseling services and resources for emotional, physical and financial wellbeing401(k) Plan with a 100% match on 3% to 9% of pay (based on years of service)Employee Stock Purchase Plan with 10% off HCA Healthcare stockFamily support through fertility and family building benefits with Progyny and adoption assistance. Referral services for child, elder and pet care, home and auto repair, event planning and moreConsumer discounts through Abenity and Consumer DiscountsRetirement readiness, rollover assistance services and preferred banking partnershipsEducation assistance (tuition, student loan, certification support, dependent scholarships)Colleague recognition programTime Away From Work Program (paid time off, paid family leave, long- and short-term disability coverage and leaves of absence)Employee Health Assistance Fund that offers free employee-only coverage to"
HEALTHCARE,3895215785,Labor & Delivery Registered Nurse,"Aberdeen, WA",,0,"Labor & Delivery Registered Nurse. MedPro Healthcare Staffing, a Joint Commission-certified staffing agency, is seeking a quality Labor & Delivery Registered Nurse for a travel assignment with one of our top healthcare clients. Requirements Active RN LicenseDegree from accredited nursing programBLS, ACLS, NRP, PALS AWHONN CertificationsEighteen months of recent experience in an Acute Care Labor and Delivery (L&D) settingOther requirements to be determined by our client facility Benefits Weekly pay and direct depositFull coverage of all credentialing feesPrivate housing or housing allowanceGroup Health insurance for you and your familyCompany-paid life and disability insuranceTravel reimbursement401(k) matchingUnlimited Referral Bonuses up to $1,000 Duties Responsibilities Labor and Delivery Nurses (RN), also called perinatal nurses, provide care and support for women before, during and after delivery of the baby. They are responsible for making sure that the medical as well as the emotional needs of the patient are adequately met throughout the entire birthing process. Labor and Delivery (LD) nurses provide care to women and their newborns during the antepartum, intrapartum, postpartum and neonatal stages.Monitor vital signs of the mother and baby during birth.Monitor patients for potential high risk problems.Educate and support mothers and their families after giving birth. About Agency MedPro Healthcare Staffing is a Joint Commission certified provider of contract staffing services. Since 1983, we have placed nursing and allied travelers in top healthcare facilities nationwide. Join us today for your very own MedPro Experience®. If qualified and interested, please call 954-740-8789 for immediate consideration. MedPro Staffing is an Equal Opportunity Employer. All applicants will be considered for employment without attention to race, color, religion, national origin, age, sex, disability, marital status or veteran status. Key Words: Registered Nurse, RN, Labor & Delivery, Contract Nurse, Travel Nur"
HEALTHCARE,3903824639,Registered Nurse (RN) Operating Room Wilmington Per Diem 36 hours,"Wilmington, DE",Mid-Senior level,0,"Registered Nurse (RN) Operating Room Wilmington Per Diem 36 hours. Job DetailsOperating Room RN II Per Diem - 36 hours monthly - Day/Evening shift (2) 8-hour shifts and 2-10hours shifts within 4 weeks Location: Wilmington Hospital ChristianaCare Benefits Incredible Work/Life benefits include an annual membership to care.com, access to backup care services for dependents through Care@Work, retirement planning services, financial mentor, an on-site gym facility, fitness and wellness reimbursement, and excellent discounts through several vendors for hotels, rental cars, theme parks, shows, sporting events, movie tickets and much more! We also provide tuition assistance for degreed programs, and for some Nursing programs, we offer to pre-pay. Our medical/dental/vision benefits are available to our caregivers on their first day of employment! And we offer two different mechanisms for planning for your retirement, a 403(b) and a defined contribution plan. Wilmington Hospital Operating Room team environment is a home away from home. A team that cares about quality and works together in unison and harmony to create a superb outcome. Would you like to be part of this? The selected RN will be an upbeat Operating Room Registered Nurse who wants to be a part of a growing operating room team passionate about providing excellent clinical outcomes through caring service to our patients and their families. Requirements: BSN preferred.Commitment to obtaining within three years of date of hire can be considered with relevant experience.Current RN licensure requiredAt least 2 years of Operating Room Experience required.Knowledge of multiple specialties preferred.knowledge of ophthalmology and robotics specialties preferredCNOR certification a plus. Post End DateApr 20, 2024 EEO Posting StatementChristiana Care Health System is an equal opportunity employer, firmly committed to prohibiting discrimination, whose staff is reflective of its community, and considers qualified applicants for open positions without regard to race, color, sex, religion, nati"
HEALTHCARE,3895566942,Medical Assistant - Internal Medicine - NEMG,"Stamford, CT",Entry level,0,"Medical Assistant - Internal Medicine - NEMG. Overview To be part of our organization, every employee should understand and share in the YNHHS Vision, support our Mission, and live our Values. These values - integrity, patient-centered, respect, accountability, and compassion - must guide what we do, as individuals and professionals, every day. Responsible for assisting physicians/providers with patient care, rooming patients, clerical, environmental and organizational tasks. Responsible for appointment scheduling and chart management. Provides information to patients so they may fully utilize and benefit from the practice services. Conveys a positive image of the practice. EEO/AA/Disability/Veteran Responsibilities Performs patient care responsibilities as assigned. 1.1 Identifies self to patient/family and explains to patient/family the roles of each member of the care delivery team.Performs administrative responsibilities as assigned. 2.1 Sends/receives patient medical records and abstracts new patient records into EPIC.Performs environmental responsibilities as assigned. 3.1 Sets up instruments and equipment according to department protocol.Performs other related organizational duties as assigned 4.1 Maintains patient autonomy, confidentiality and dignity.May assist and/or perform chaperone duties for patient medical procedures as needed. Qualifications EDUCATION High School Diploma or equivalent. Graduation from an accredited medical assistant certificate program.* Certification/Registration (CCMA/CMA/AAMA/RMA) preferred. Certification/Registration may be accepted in lieu of graduation from an accredited MA school. *Employees employed by YNHHS as a result of a merger or acquisition may meet educational requirements with the applicable combination of education and experience and demonstration of current competences. EXPERIENCE Minimum of 1 year private practice medical assistant experience preferred in a primary care or specialist office. LICENSURE Medical Assisting Certification preferred. SPECIAL SKILLS E"
HEALTHCARE,3889241446,Registered Nurse,"Bronx, NY",,0,"Registered Nurse. Description: Position Title: Registered Nurse Health Service Position Reports To: Program Supervisor and Medical Director *Sign-On Bonus $2,000- $3,000* Duties and Tasks: • Prepares patients for visits with providers by performing and recording vital signs including blood pressure, temperatures, pulse, weight, and other procedures as needed. • Collect record and maintain patient information such as medical history, reports and examination results. • Reviews patients' medical records for completeness and updates prior to patients' visit. • Assists in routine medical examinations by preparing the patient, the equipment, and supplies and assisting the provider as needed. • Assist in preparing routine diagnostic request forms. • Occasional lifting of patients with assistance, reaching, handling, and fingering of instruments and caring of patient needs. • Books patients for tests and appointments with outside facilities and/or specialist. • Provides guidance to non-clinical staff regarding clinical issues (i.e. phone triage). • Prescribe or administer treatment, medication, vaccination, and other specialized medical care to treat or prevent illness to patients including children and infants. • Refer patient to medical specialist or other practitioner when necessary. • Understand and follow VIP's Mission Statement, Organizational Policies and Structure. • Performs other job related duties as required or assigned. • Supervision and support to the medical assistants. • Responsible for meaningful use and PCMH requirements and staff training. • Infectious Control training • Lead support to the medical director in the continue quality assurance (CQI) monthly meetings. • Produce CQI monthly report a quality measures to present to the board. • Support the quality assurance director with review of patient charts and reports. • Assist with the annual UDS report and assure all quality measures are being ?followed. • Maintain logs; Refrigerate temperature logs, VFC orders and logs, "
HR,3892917093,Human Resources & Equity Director,"Seattle, WA",,0,"Human Resources & Equity Director. Position Open Until FilledFirst Review of Applicants Scheduled for May 10, 2024Please note this Job Description is edited to adhere to LinkedIn's space requirements. Complete job description is available on our career website. We are pleased to invite applications for a full-time Human Resources and Equity Director (HRED). The HRED will drive the strategic vision for equity, diversity, inclusion and belonging (EDIB), and serve as the custodian of our human resources function in support of a staff of 50. The HRED position is responsible for effective oversight of all facets of Human Resources (HR) management, overseeing a robust people and systems infrastructure that centers the ACLU-WA’s commitment to EDIB and contemporary HR best practices (next practices) while ensuring the organization meets its regulatory obligations. This position partners with others to ensure equitable and inclusive processes by refining the way we recruit, develop, train, compensate and retain staff. In addition to HR management, this position will be responsible for developing, articulating, and implementing a vision and strategy for the organization’s EDIB work. This position will have the unique opportunity to build upon and implement programs and systems that bring the ACLU-WA’s most important principles to life by working with every leader and department in the organization to ensure that all our teams, managers, leaders, and staff at all levels advance EDIB internally and externally.The HRED position reports to the Deputy Director and is a member of the People Services Group. People Services is the backbone of the organization, working to support our staff with the understanding that advancing racial justice starts internally through the vendors we select, the policies we create, and the culture we build.DUTIES & RESPONSIBILITIESPEOPLE & CULTUREOrganizational Culture: Model behaviors and provide counsel to peers and staff that reflect the organization’s values, including a commitment t"
HR,3884444268,Human Resources Assistant,"Honolulu, HI",Associate,0,"Human Resources Assistant. DescriptionThis posting is being used to fill various Personnel Clerk positions at the specified location. The authorized level of the position is Personnel Clerk V. Applications are being accepted down to the Personnel Clerk IV in the event of recruiting difficulties. Salary Range: Personnel Clerk IV, SR-11: $3,318.00 per month Personnel Clerk V, SR-13: $3,589.00 per monthExamples of DutiesScreens applications for selected classes by comparing applicant’s experience and education with class specifications and other standards.Establishes lists of eligibles for designated classes by taking into account a variety of qualifying factors for each position vacancy.Monitors selections made by line agencies to ensure timeliness and conformance to established rules.Performs other duties as assigned.Minimum QualificationsExperience Requirement: Except for the substitutions provided for in this specification, applicants must have had progressively responsible experience of the kind and quality described in the paragraphs below and in the amount indicated on the following table: Class TitleGen Exper (years)Spclzd Exper (years) Supvry Exper (years)Total (years) Personnel Clerk IV1203 Personnel Clerk V13*4*For certain positions in the Personnel Clerk IV level and above, applicants must show that they possess supervisory aptitude. General Experience: Progressively responsible general office clerical experience. Specialized Experience: Experience in an office where the work required the knowledge and application of pertinent personnel rules, regulations, procedures and program requirements. Supervisory Experience: *For certain positions in the Personnel Clerk IV level and above, applicants must show that they possess supervisory aptitude. Supervisory aptitude is the demonstration of aptitude or potential for the performance of supervisory duties through successful completion of regular or special assignments which involve some supervisory responsibilities or aspects; by serving as "
HR,3899541582,Human Resources Business Partner,"Reno, NV",Mid-Senior level,0,"Human Resources Business Partner. Hungry for a new career? Imagine...working for a company that knows that its people are the key to its success in the marketplace. A company in which achieving extraordinary results while having stimulating work experience are part of the same process. We cultivate and embrace a diverse employee population. We recognize that people with diverse backgrounds, experiences and perspectives fuel our growth and enrich our global culture. We are looking for an individual who enjoys working in a fast-paced, team-oriented environment, likes to be challenged, and values the opportunity to make a difference. SUMMARYWe are seeking an experienced Human Resources Business Partner at our Reno, Nevada.Reporting to the Human Resources Manager, the Human Resources Business Partner (HRBP) supports the Supervisors in the plant by providing coaching on HR issues such as analyzing talent needs, onboarding, engagement, talent development, change management, strengthening leadership skills and strategic planning for new initiatives/events. The HRBP utilizes strong general and company-specific business knowledge along with HR expertise to provide coaching to Supervisors and employees on HR-related matters to support business goals. A Successful HR Business Partner: Knows our Business – How our Mission, our Values and the SK Way best support our customers and associates and set us apart from our competitors.Knows our People – Keenly aware of what makes for a successful associate in our environment, how we find them, invest in them and retain them.Knows our Challenges – Constantly questions what is keeping us from doing better, who we compete with and what slows us down.Knows our unique abilities and strives to continuously improve.Has HR expertise, is knowledgeable, credible, trusted, and respected. Is motivated by solving problems for the greater good. Applies critical thinking, root cause analysis and project management skills to HR-related projects. ESSENTIAL DUTIES AND RESPONSIBILITIES i"
HR,3891003609,Human Resources Manager,"West Allis, WI",,0,"Human Resources Manager. The Human Resources Manager will have a passion for serving TRIUN3 clients by providing human capital management. This position will be a hands-on player / coach leading the Human Resources function including employee administration, benefits, compliance, recruiting, onboarding, employee relations, wellness, performance management. The Human Resources Manager will work closely with the Strategic Leadership Team of TRIUN3 and its clients to drive initiatives around culture and people who execute upon the Vision and Mission of the organization. Responsibilities:Provide leadership and direction to the Human Resources function to a number of schools and entitiesDevelop and implement HR initiatives in line with client objectivesProvide administrative leadership to the human resources management system (HRMS)Review and update employee policies and handbook and ensure client compliancePerform annual compensation and benefits evaluation as well as facilitate renewal and open enrollment process seeking opportunities to optimize cost while offering a competitive comp & benefits packageRecruit and onboard employees based on need as well as develop pipeline of talent to address future positions anticipatedComplete annual employee satisfaction survey and identify and deliver on strategies and actions developed based on feedback receivedCollaborate on the performance management process including annual performance reviews and employee development plans to ensure employees continue to growDeliver wellness initiatives that ensure optimal health of employeesPerform systems / process evaluation, recommend, and implement enhancements where appropriate to continually improve departmental efficiency to enable scaleEnsure compliance with all local, state, and federal agencies impacting the organizationManage HR vendor contracts, relationships, and other key external partnersPrepare reports and analysis as requestedOther duties as assigned Requirements:Minimum Bachelor’s degree requiredCe"
HR,3905609412,"Director, Human Resources","Manchester, NH",Director,3,"Director, Human Resources. Comcast brings together the best in media and technology. We drive innovation to create the world's best entertainment and online experiences. As a Fortune 50 leader, we set the pace in a variety of innovative and fascinating businesses and create career opportunities across a wide range of locations and disciplines. We are at the forefront of change and move at an amazing pace, thanks to our remarkable people, who bring cutting-edge products and services to life for millions of customers every day. If you share in our passion for teamwork, our vision to revolutionize industries and our goal to lead the future in media and technology, we want you to fast-forward your career at Comcast. Job Summary Responsible for participating in the development of Company and Human Resources objectives, personnel philosophy and strategic planning in relation to personnel programs and trends in Human Resources management. Administers Human Resources policies and procedures as they pertain to all employees within the Company. Provides support and direction to Human Resources administrative staff in regard to Human Resources polices, EEO, wage and salary management, benefits and training. Directs training staff to ensure that all required training programs are completed and documented. As an HR Business Partner specializing in change management and strategic partnership, you will play a pivotal role in aligning human resources initiatives with organizational objective. You will collaborate closely with senior leaders, department leads and HR colleagues to drive organization change, foster a culture of innovation, and enhance employee engagement. Your expertise in change management methodologies and strategic thinking will be essential in guiding the organization through transformational initiatives and maximizing human capital effectiveness. May have responsibility for developing and managing budget. Job Description Core Responsibilities Change ManagementDevelop and implement change m"
INFORMATION-TECHNOLOGY,3898173096,Windows Systems Administrator,"Chicago, IL",Associate,0,"Windows Systems Administrator. Windows Endpoint & Server Administrator (SCCM, Citrix,) – Job Description:Strong Knowledge on Windows Endpoint Patch Management using SCCM and WSUS (Having Tanium knowledge will be added advantage). Troubleshoot and fix and disruptions on the SCCM infrastructure and able to analyze and suggest/provide improvements.Advanced administration skills in both software and patch deployment using SCCM in a multisite corporate environment.3rd line technical support experience in a Windows Server and workstationWill be expected to manage End to End Patching process of Windows Servers and Endpoints – this may include providing metrics and reporting to customers and attending meetings with Customer.Create custom test environments to provide proof of concept before implementing into production environment. Develop implementation strategies and deployment schedules.Validate deployment plans for compliance reports.Provide weekly reporting of patching activity.Maintain the health of the SCCM environment including clients, servers and distribution points.Provide technical guidance to SCCM team and customers.Knowledge of Thin client patching (Having HPDM knowledge will be an added advantage). Assist in the creation\updating of SCCM documentation.Roll-out patches and software via SCCM.Vulnerability remediation knowledge on Windows Servers and Endpoints. Knowledge of server and client application administration.Strong Troubleshooting skills on windows servers and Endpoints.Candidate needs to have basic background in Citrix, Xendesktop, Desktop Delivery Controllers (DDC's), VMware, ESXi administration.Own, Support & Administer the Citrix environment having components like XenApp, XenDesktop, PVS, Storefront, NetScalerResolving normal issues related to Citrix environment.Knowledge on Citrix XenApp 5 and 6.5, Citrix XenDesktop 5.5, Citrix component Sanity checks, Citrix Receiver (Client), GPO / Citrix Policies, MS Terminal Services, Monitoring / alerting experience."
INFORMATION-TECHNOLOGY,3906248485,On Site IT Help Desk Support,"Sacramento, CA",Entry level,0,"On Site IT Help Desk Support. Equal Opportunity Employer The State of California is an equal opportunity employer to all, regardless of age, ancestry, color, disability (mental and physical), exercising the right to family care and medical leave, gender, gender expression, gender identity, genetic information, marital status, medical condition, military or veteran status, national origin, political affiliation, race, religious creed, sex (includes pregnancy, childbirth, breastfeeding and related medical conditions), and sexual orientation. It is an objective of the State of California to achieve a drug-free work place. Any applicant for state employment will be expected to behave in accordance with this objective because the use of illegal drugs is inconsistent with the law of the State, the rules governing Civil Service, and the special trust placed in public servants. Position Details Job Code #: JC-426360 Position #(s): 835-188-1401-001 Working Title: On Site IT Help Desk Support Classification: INFORMATION TECHNOLOGY ASSOCIATE $4,651.00 - $6,234.00 A $5,113.00 - $6,852.00 B $5,589.00 - $7,491.00 C $6,147.00 - $8,238.00 D # of Positions: 1 Work Location: Sacramento County Telework: Hybrid Job Type: Permanent, Full Time Department Information California’s Department of Resources Recycling and Recovery (CalRecycle) brings together the state’s recycling and waste management programs to move the state towards a circular economy that reduces waste and reuses all materials. Through landmark initiatives like the Integrated Waste Management Act and Beverage Container Recycling and Litter Reduction Act, California works toward a society that uses less, recycles more, and takes resource conservation to higher and higher levels. CalRecycle’s Mission: Protecting California’s environment and climate for the health and prosperity of future generations through the reduction, reuse and recycling of California resources, environmental education, disaster recovery and the transition from a disposable to a full"
INFORMATION-TECHNOLOGY,3902752818,IT Support Analyst,"Tampa, FL",Entry level,2,"IT Support Analyst. About The Role The IT Support Analyst works independently and collaboratively to execute IT Department activities. In this role, you will be responsible for the execution of all types of function. As the IT Support Analyst, you will provide exceptional IT Department strategies to help continued growth of our fast-paced company. A-LIGN will depend on you as the IT Support Analyst to support management, user support, and IT inventory. Responsibilities Provide support to end users on a variety of user issues.Identify, research, and resolve technical problems with the Tampa Office.Respond to tickets, telephone calls, email, and personnel requests for technical support.Onboarding of US Employees to meet A-LIGN standards.Document, track, and monitor submitted issues to ensure a timely resolution.Simulate or recreate user problems to provide resolutionsConfigure, Set Up, Wipe and Re-purpose computers for internal employees during onboarding and offboarding.Pack and ship laptops.Maintain accurate hardware inventory.Assist and oversee office moves and office maintenance in the US Office.Create and maintain knowledge base articles.Complete other tasks as assigned by the IT Manager. Minimum Qualifications EDUCATION Associates degree in technical field or currently enrolled Experience Good understanding in computer systems Skills Ability to adapt to changing standards and expectationsAbility to work in a fast-paced environmentAbility to work individually as well as part of a teamAbility to meet tight deadlinesA high degree of motivation Benefits Employer Paid Health, Vision, Dental 401 (K) Plan with Employer Matching Competitive Bonus Structure Employer Paid Life Insurance and Disability Insurance Generous Paid Time Off Plan Parking AllowanceVacation Bonus Paid Office Closure December 25-January 1 Paid Holidays Schedule Certification Reimbursement Flu Shot Reimbursement About A-lign A-LIGN is a technology-enabled security and compliance partner trusted by more than 2,400 global"
INFORMATION-TECHNOLOGY,3891285732,Systems Administrator III,"Albany, GA",Entry level,0,"Systems Administrator III. Secure our Nation, Ignite your Future Become an integral part of a diverse team while working at an Industry Leading Organization, where our employees come first. At ManTech International Corporation, you’ll help protect our national security while working on innovative projects that offer opportunities for advancement. Currently, ManTech is seeking a motivated, career and customer-oriented Systems Administrator III in Albany, GA. Responsibilities include, but are not limited to: The Systems Administrator III maintains, configures, and ensures the reliable operation of computer systems, network servers, and virtualization. They install and upgrade computer components and software, manage virtual servers, and integrate automation processes. They troubleshoot hardware and software errors by running diagnostics, documenting problems and resolutions, prioritizing problems, and assessing the impact of issues. They provide documentation and technical specifications to IT staff for planning and implementing new or upgraded IT infrastructure. They perform or delegate regular backup operations and implement appropriate processes for data protection, disaster recovery, and failover procedures. They lead desktop and help desk support efforts, ensuring all desktop applications, workstations, and related equipment problems are resolved in a timely manner with limited disruptions. They are responsible for capacity, storage planning, and database performance, and monitoring and managing all installed systems and infrastructure. The Systems Administrator III is a senior role with extensive experience in all aspects of configuring and maintaining IT systems. The Systems Administrator III supervises and mentors subordinate projects and Team ManTech staff. Minimum Qualifications: 9+ years of related experience AND Bachelor's degree in a related area OR 11+ years of related experience AND Associate degree in a related area OR 13+ years of related experience AND HS diploma (A candidate "
INFORMATION-TECHNOLOGY,3903472938,Technical Help Desk,"Minneapolis, MN",Associate,0,"Technical Help Desk. Job Title: Technical Help DeskLocation: Minneapolis, MN 55402(100% Onsite)Duration: 12 Months(Contract), with extensionIndustry: Banking Pay: $28.00/hr Job Description: Position will mainly be remote with a scheduled 2 days in the office per month. The required workdays are Mondays, Tuesdays, Wednesday, Saturdays and Sundays with a dedicated start and end times of 8am to 4:30pm - Parking is nearby paid by contractor. Public Transportation available. Looking for experienced phone reps that have the ability to learn complex processes quickly. This Technical Helpdesk Representative role supports clients with their commercial credit card programs by providing technical assistance through phone, email, and chat to ensure a positive client experience with our online commercial card management platform Access Online. Technical Helpdesk Representatives regularly address client issues by listening to clients, troubleshooting potential root causes of issues and determining the appropriate course of action with the ultimate goal of final issue resolution and maximum client satisfaction. This is a key client support role that works closely with our account management teams and is a team orientated position. This team operates a 24 hour, 7 day a week support center model so shifts vary and include days, nights and weekends and scheduling is completed a month in advance. There are opportunities for overtime based on business need.This role is responsible for supporting Federal Government accounts and requires passing a post-employment screening administered by the General Services Administration (GSA) which includes extensive criminal and background checks. The background review will incorporate review of the following: citizenship, substance abuse, criminal history, debt/bankruptcy, conflicts of interest. Basic Qualifications- High school diploma or equivalent- Two to three years of experience as a Telecommunications CSRPreferred Skills/Experience- General knowledge and understa"
PUBLIC-RELATIONS,3895809703,Global External Communications Manager,"New York, NY",Mid-Senior level,0,"Global External Communications Manager. Beam Suntory is Crafting the Spirits that Stir the World. Rooted in two centuries of family heritage, Beam Suntory has evolved into the world's third largest leading premium spirits company ... where each employee is treated like family and trusted with legacy. With our greatest assets - our premium spirits and our people - we're driving growth through impactful marketing, innovation and an entrepreneurial spirit. Beam Suntory is a place where you can come Unleash your Spirit by making an impact each and every day. Global External Communications Manager The following position is open in New York, United States. What makes this a great opportunity? Reporting to the Senior Director, Global External and Brand Communications, the External Communications Manager will support Beam Suntory’s global corporate media relations, executive visibility and social media channels. This person will support the planning, development, execution and measurement of communications across Beam Suntory’s corporate external channels with a focus on priority storytelling around our company, people and brands to key stakeholders. The Manager will also work closely with other Corporate Communications team members globally and with colleagues from Suntory Holdings to ensure work is coordinated across external channels. As a member of the Corporate Communications team, they will also support broader team priorities, including Global Town Halls, employee recognition programs and Suntory Holdings communications initiatives as needed. Role Responsibilities Support the planning, development and execution of external communications and media relations strategies relating to the company’s priorities.Responsible for managing and maintaining the company’s media bureau, including creating consistent messaging, fact sheets, executive bios, talking points and reactive statements and making sure all materials are up to date. Track open media opportunities and ensure all messaging and briefing documents are "
PUBLIC-RELATIONS,3904937810,Public Relations Specialist,"Boston, MA",,3,"Public Relations Specialist. The PR Specialist is an integral member of Mintz’s Public Relations (PR) team, providing substantive and administrative support. The position reports to the Director of PR. Responsibilities: Work closely with the PR Manager to review, evaluate, and vet media opportunities, including conflicts. Draft and/or copyedit internal and external communications materials that balance journalistic writing and storytelling with strategic brand positioning. Track and monitor media coverage. Help prepare quarterly PR reports for firm section leaders. Develop and publish posts to amplify media coverage and corporate announcements on social media and the Mintz website. Identify and track relevant firmwide awards, working with Business Development team members and attorneys to develop award submissions. Produce weekly internal communication summarizing media coverage. Assist with the collection of data and submission of firm surveys. Provide support to the byline article process, including obtaining permission and reprint rights. Serve as the main contact with media database vendor. Interact with staff and attorneys across all the firm’s offices, as well as with outside vendors. Assume additional responsibilities as requested. This role requires 60% in office presence; remote work is permissible 40% of the time. Qualifications: Bachelor’s degree in Communications, English, or Journalism. 3+ years’ experience in PR, Corporate Communications, or Journalism. Legal or professional services experience preferred, either agency or in-house. Understanding of the discipline of journalism and a demonstrated ability to write and tell stories to journalistic standards. Knowledge of social media platforms with emphasis on application to a business environment. Possess excellent written and verbal communication skills. Strong organizational and administrative skills. Excellent attention to detail and ability to execute through to completion. Creative problem solving skills, reasoning ability, and"
PUBLIC-RELATIONS,3901964012,Public Relations & Partnerships Strategist,"Lakeville, MN",,0,"Public Relations & Partnerships Strategist. Business Unit Overview Headquartered in Lakeville, Minn., Post Consumer Brands, a business unit of Post Holdings, Inc., is dedicated to providing people and their pets with delicious food choices for every taste and budget. The company’s portfolio includes beloved brands such as Honey Bunches of Oats®, PEBBLES®, Grape-Nuts® and Malt-O-Meal® cereal, and Peter Pan® peanut butter, as well as Rachael Ray® Nutrish®, Kibbles ‘n Bits® and 9Lives® dog and cat food. As a company committed to high standards of quality and to our values, we are driven by one idea: To make lives better by making delicious food accessible for all. For more information about our brands, visit www.postconsumerbrands.com and follow us on LinkedIn for the latest news. Brand Post Consumer Brands recently acquired several iconic pet food brands, venturing into a new market while remaining true to our purpose to provide delicious and accessible food that our consumers love. We’re always searching the center store for the next exciting product to add to our portfolio, and right now, we’re growing and need passionate, driven individuals with diverse perspectives to help us reach greater heights. That’s where you come in. Join a team where your voice is not only heard but valued. Make a real impact on brands enjoyed by millions of people and their pets. At Post Consumer Brands, we take pride in our longstanding legacy of making one of every five breakfast cereals families eat daily. Today, we’re just as focused on our future as we expand our grocery business with different shelf-stable foods, including snacks and peanut butter. We are committed to providing accessible and delicious food for families, and we’re always searching the center store for the next exciting product to add to our portfolio. As we soar to new heights, we need creative, determined individuals from all walks of life to join our team, where your unique perspective and ideas are acknowledged and valued. Be a part of a company that empow"
PUBLIC-RELATIONS,3904987409,Communications Specialist,"Waukegan, IL",Entry level,3,"Communications Specialist. Long term ContractREMOTE opportunity Our client, a large global pharmaceutical company located in the Northern suburbs of Chicago, is seeking a Communications Specialist. This person will be responsible for developing and implementing various communications plans to support multiple projects within the organization. Responsibilities Develop and Implement Communication PlansCollaborate with project teams to define the communication objectives and target audience for each project.Develop comprehensive communication plans that include key messages, channels, and timelines.Coordinate with stakeholders to ensure alignment and approval of communication plans.Implement communication strategies through various channels such as email, social media, press releases, and presentations.Write and Edit Content for a variety of communication materials including press releases, blog posts, website content and email newslettersEdit and proofread content to ensure accuracy and readabilityConduct Interviews with project stakeholders to gather insights/success storiesMonitor and Analyze Communication Effectiveness- analyze communication metrics such as open rates, click-thru rates, engagement rates to identify areas of improvementCollaborate with internal and external stakeholders Qualifications Bachelor's degree in Communications, Marketing, or related field.2-3 + years experience working in CommunicationsPortfolio with samples Proven experience in developing and executing effective communication strategies.Excellent writing and editing skills, with a strong command of grammar and spelling.Proficiency in using various communication tools, such as Microsoft Office Suite and content management systems.Strong interpersonal skills and ability to work collaboratively in a team environment.Attention to detail and ability to meet deadlines. After you have applied, download our Staffmark Group WorkNOW App to receive real-time job offers and apply for additional opportunities. You can download "
PUBLIC-RELATIONS,3904357908,Marketing Communications Manager,"Juno Beach, FL",Mid-Senior level,0,"Marketing Communications Manager. Title: Project Management Lead Location: Juno Beach, FL Description:The Marketing and Communications Project Management Lead plays a vital role in driving the Supplier Diversity and Inclusion corporate strategy by managing marketing, communication, events, and supplier relations deliverables throughout the project timeline. This position ensures timely completion and adherence to quality and brand standards. The role involves working both internally and externally to develop efficient, creative, and strategic marketing, communications, event, and supplier relations solutions. Writing, messaging, and public relations duties are also part of this role. The essential job functions include:Project management of task execution, metrics, and analysis related to MarCom, events, supplier relations, and advocacy groups-membership. This includes defining strategic needs and ROI, proposing alternative solutions, effectively communicating, and clarifying needs to team leadership, managing multiple stakeholders and project timelines, maintaining project budgets and metrics, routing work for review/approval, and evaluating the effectiveness and continuous improvement of each project.Performing quality control on projects throughout the entire process.Adjusting schedules and targets on projects as needed and communicating changes with the team and requesters.Ensuring proper use of brand elements across the organization.Creating and maintaining solutions and processes to support the team's efficiency.Organizing, managing, assigning, clarifying, and tracking projects and tasks.Develop, and track the effectiveness of online and printed materials, online and print MarCom assets.Leading MarCom and (social) media, events, marketing assets, and more to build brand equity internally and externally, promoting and advocating for small and diverse business growth and inclusion. Establishing workflows for each project type to establish repeatable standard work.Being the lead writer and graphi"
SALES,3899515414,Outside Sales Account Manager,"Sioux City, IA",Mid-Senior level,3,"Outside Sales Account Manager. R10042063 Outside Sales Account Manager (Open) Location: Sioux City, IA - Filling industrial How will you CONTRIBUTE and GROW? The Outside Sales Account Manager (OSAM) is responsible for managing the sales process and driving profitable sales growth within an assigned sales territory to both existing and new Airgas customers. The OSAM will be required to meet and exceed both corporate and regional objectives for profitable sales growth, A/R management, and customer retention within their assigned territory. Develops and executes sales plans utilizing Airgas’s sales directives and guidelines in order to service existing accounts, obtain orders, and establish new accounts. Qualifies and pursues sales leads.Cultivates customer relationships by developing a deep knowledge of the customer’s business and establishing a consultative relationship.Engages customers by linking the customer’s business priorities to the Airgas value proposition.Prepares sales proposals by quoting pricing, establishing credit terms, and estimated date of delivery to customer based on knowledge of Airgas’s production/delivery schedules and .Keeps current with industry insights, current Airgas product mixes, monitors competition by gathering current relevant marketplace including information on pricing, products, new products, delivery schedules, and merchandising techniques.Partners with internal resources to accomplish growth objectives. Establishes and maintains clear and consistent lines of communication with internal departments relative to customer successes, customer opportunities, new customer developments and other customer specific information.Maintains and submits sales reports (daily call reports, weekly work plans, and monthly and annual territory analyses) as required by District Manager (DM) through SAP.Actively reviews and manages existing customer Accounts Receivable balances to help minimize Airgas working capital investment and financial risk.Other duties as assigned. __________"
SALES,3889712511,Sales Manager,"Sacramento, CA",Mid-Senior level,0,"Sales Manager. Position Summary: Our Sales Manager has managing partnerresponsibilities for a team of 5-25 Executive Consultants in marketing J.Galt's SaaS memberships and consulting services. In addition, the ManagingPartner/Sales Manager represents J. Galt in attracting memberships throughchannel partners, strategic alliances, chambers of commerce, and state,trade, and professional associations. Our Mission: We believe in helping small and medium-sized businessessucceed. It is tragic that most business owners carry the credit needs oftheir business. They often rely on personal credit cards, or they signpersonally for the business to access the funding, equipment, or facilities thebusiness requires to operate. What We Do: J. Galt Finance Suite offers a SaaS platform and consultativeservices to small and medium-sized business owners. Our system includes aproven 7-step process to build credit for a business around the business EINwithout personal guarantees or using the owner’s personal credit profile. J. Galt is seeking six-figure sales talent and aggressive growth-orientedexecutives with a proven track record of success. Successful candidates willpossess a(n): • Minimum 10 years of successful business experience in a marketing-intensive business• Uncompromising need for top-level earnings• High energy, self-disciplined, self-starter with a positive attitude• Goal-oriented with a lifelong quest for personal development and career growth• Persuasive communication skills in oral & written form• Comfortable speaking in front of groups in person or virtually• Top-notch consultative sales skills• Comfortable marketing to professionals and C-level executives• Superior time management and organization skills and a desire to work from a home-based office• Professional appearance and demeanor• Passion to market a SaaS product that solves a small business owner's most vexing problem Why J. Galt? | What We Offer• 1st-year Earnings Expectations of $125k-$175k• Long-term Earnings Expectations "
SALES,3887844203,Retail Sales Associate (Part-Time),"Vallejo, CA",Entry level,0,"Retail Sales Associate (Part-Time). AutoZone's Part-Time Retail Sales Associates drive sales through superior customer service by exceeding customer expectations and providing a WOW! Customer Service experience. While assisting customers, the Retail Sales Associate will perform daily assigned duties and remain compliant with company procedures in accordance to AutoZone expectations by Living the Pledge every day. Position Responsibilities Provides WOW! Customer ServiceEnsures assigned store tasks are completed in a timely manner on assigned shiftOperates cash registers and follows established cash handling proceduresFollows company policies and loss prevention proceduresMaintains a safe working environment including PPE (Personal Protective Equipment)Maintains store appearance and merchandising standards as directedEnsures that merchandise is restocked and placed in their respective areasUtilizes ZNET to help customers locate merchandise or find suitable alternativesMaintains product knowledge and current promotions through AutoZone systems and information sourcesPractices GOTTChA and assists with the installation of wipers blades, batteries and light bulbsUtilizes OBDII to read codes from customer’s automobilesAbility to diagnose automobile problems and recommend solutionsCommunicates with managers regarding customer concerns and employee mattersActively engaged in developing more effective customer service skillsProvides honest and trustworthy advice to customers regarding the best products that fit the customers’ expectations Position Requirements Applicants 18 years or older High School diploma or equivalentBasic knowledge of automotive parts is requiredExcellent communication and decision making skillsAbility to lift, load, and deliver merchandiseAbility to work a flexible schedule to meet the business needs, including holidays, evenings and weekend shifts Benefits At AutoZone AutoZone cares about people. That’s why AutoZone offers thoughtful benefits programs with one-on-one benefit guidance des"
SALES,3902955625, PROMOTIONS AND SALES POSITIONS,"Denver, CO",Entry level,0," PROMOTIONS AND SALES POSITIONS. Our newest client has requested for us to immediately hire a team of 7 individuals to assist with the launch of an interactive, promotional campaign. Your Role: Prospect small and large businessConduct direct sales strategiesPromote our clientsProfessionally represent our firmInteract with customersInitiate the sales cycleAssist with product purchasesTrack and report salesCoordinate territoriesParticipate in classroom training Qualifications: 0 - 3 years of experience in sales, restaurants, customer acquisition, or a related fieldSuperior communication skillsProfessional and personableRuthlessly determined to succeedTeam orientedAbility to build quick relationships Candidates with the following experience are encouraged to apply today: General Labor, Construction, Home Improvement, Labor, Labor and Development Operations, Field Construction, Telecom Construction, Construction Management or Construction Experience"
SALES,3894872733,"Sales Manager, Boca Raton, FL","Boca Raton, FL",Entry level,0,"Sales Manager, Boca Raton, FL. Company: Cogent Communications is a global, Tier 1 facilities-based ISP, consistently ranked as one of the top five networks in the world and is publicly traded on the NASDAQ Stock Market under the ticker symbol CCOI. Cogent specializes in providing businesses with high speed Internet access and Ethernet transport services. Cogent's facilities-based, all-optical IP network backbone provides IP services in over 216 markets globally. Since its inception, Cogent has unleashed the benefits of IP technology, building one of the largest and highest capacity IP networks in the world. This network enables Cogent to offer large bandwidth connections at highly competitive prices. Cogent also offers superior customer support by virtue of its end-to-end control of service delivery and network monitoring. Responsibilities: The Sales Manager is responsible for leading a direct sales team of 7 to 10 Regional, National and Global Account Managers. The Sales Manager will develop and execute a Sales Strategy to meet and exceed the assigned team quota. Direct customer contact will comprise a major portion of this role. The Sales Manager reports to the Director of Sales. Responsible for hiring, training and developing a diverse team of AMs in the sale of DIA, Ethernet Point-to-Point, Colocation and IP Transit into the SMB, Corporate and Enterprise market segments on a regional, national and global level.Drive, meet and exceed sales revenue and productivity objectives.Manage and utilize pipeline management for each sales rep.Work on time management to ensure efficiency in achieving goals /metrics set for AMs. Qualifications: We’re looking for candidates that welcome a challenge, are motivated, driven and exhibit strong work-ethic.It’s not about the number of years of experience you have; it’s about what you’ve accomplished in those years of experience.Candidates must have: a proven track record of success selling Cogent’s product set, experience finding new business, strong team leaders"
TEACHER,3905200683,Summer Program STEM Teacher,"Baltimore, MD",,0,"Summer Program STEM Teacher. Role DescriptionThis is a temporary, on-site role as a Summer Program STEM Teacher located in Baltimore, MD. As a Summer Program STEM Teacher, you will be responsible for delivering engaging and interactive lessons on transportation, engineering, and STEM to middle and high school students. You will help students develop their knowledge in these disciplines through hands-on activities and projects, as well as field trips. To apply, please click here: https://morgan.peopleadmin.com/postings/6683. Company DescriptionThe National Transportation Center (NTC) is a long-running transportation research center at Morgan State University that focuses on research and workforce development. Every summer, the NTC administers the National Summer Transportation Institute, a month-long summer program designed to introduce middle and high school students to transportation and engineering. This year's program runs from July 1st to the 26th. QualificationsBachelor's degree in a STEM-related field or equivalent experienceExperience teaching or instructing students in STEM subjectsStrong knowledge of science, technology, engineering, and mathematics conceptsExcellent communication and presentation skillsAbility to create engaging and interactive lesson plansPassion for inspiring and motivating students in STEMStrong organizational and time management skillsAbility to work collaboratively in a team environment"
TEACHER,3898177315,Anchor: Long-Term Substitute Physical Education/Health Teacher,"Stamford, CT",,0,"Anchor: Long-Term Substitute Physical Education/Health Teacher. The filling of this position is based upon continued funding in the Board of Education budget. Note: Teachers dually certified in TESOL, Bilingual Education or ESL, with experience in Sheltered Instruction or fluency in a language other than English, will be given preference for all Stamford Public School positions. Note: Candidates must possess certification in both Physical Education and Health. Job Description – Physical Education Teacher General Statement: A competent Physical Education Teacher understands growth and development, demonstrates knowledge of what is to be taught and facility in the basic skills and helps students to develop positive self-concepts. The Physical Education Teacher stimulates the independence of each student as a learner, effectively assesses student needs and progress, and plans instruction to achieve selected objectives, including those appropriate for exceptional students. The Physical Education Teacher accomplishes these objectives through effective communication with students, parents and colleagues, and through the use of appropriate techniques and materials in a positive climate where time, space and equipment are effectively organized for instruction. In addition, the Physical Education Teacher meets professional responsibility for continuing growth and fosters cooperative involvement with parents and the community. Major Responsibilities: Demonstrates facility in the skills of reading, writing and mathematics. Demonstrates knowledge of the subject to be taught. Demonstrates knowledge of human growth and development as it relates to the teaching-learning process. Demonstrates knowledge of the American public school system. Plans instruction to achieve selected objectives. Effectively implements instructional plans and uses appropriate instructional techniques. Effectively communicates with students. Helps students develop positive self-concepts. Facilitates the independence of the student as learner. Effectively organizes time,"
TEACHER,3903831489,Daycare Teacher,"Carmel, IN",Entry level,0,"Daycare Teacher. Join a strong community where all we do is care-for the children and families we serve every day, as well as for our dedicated team members. Our people are our best asset. We listen and we know what you're looking for: You want benefits. We support you with a minimum 50% childcare discount, immediate access to benefits, innovative health programs, 401(k) company match, and much more. You want balance. We offer flexible schedules that work for you, no nights or weekends, the ability to bring your children to work with you, and paid time off. You want opportunity. We invest in your future with ongoing training, tuition reimbursement, credential assistance, and our unique Master Teacher Program. You want recognition. We provide a positive, fun workplace where employees are appreciated. This is more than just a daycare job. It’s a journey, where you learn, grow, thrive—and play—every day. Being a teacher at a child care center is something special. We’re hiring and we want difference makers who will inspire children to become lifelong learners. As a Teacher, you are: Caring! Follow all licensing guidelines and company standards to ensure the daily care of every child in your classroom. Engaged! Develop your ability to accurately observe, assess, and plan for children, as well as effectively communicate with families. Knowledgeable! Complete extensive training that provides insight on child care, preschool and development topics. Creative! Implement our proprietary curriculum while creating fun, interactive learning experiences for the children. We want energetic, dependable, passionate individuals who are at least 18 and have: Experience in a licensed childcare center or related field. The ability to meet state requirements for education and our center requirements. Able to work indoors or outdoors and engage in physical activity with children. Reasons to join our team: FREE CDA credentialing or $1,000 Annual Tuition Reimbursement for eligible employeesCareer growth opp"
TEACHER,3898156837,Teacher - Consumer Family Studies - Middle,"Highlands Ranch, CO",Entry level,3,"Teacher - Consumer Family Studies - Middle. Please complete this application using your full legal name as it appears on your government issued forms of identification when you have time to go from start to finish. Application details cannot be saved along the way, and you must complete and submit the application in one sitting. If you leave your computer and return later, you may time out. REMINDER: Current DCSD employees must apply through their district log-on, this application is for external candidates only! Job Posting Title Teacher - Consumer Family Studies - Middle Job Description Under supervision of the Principal and/or Assistant Principal, teaches and instructs students in academic subject matter, along with social, behavioral, and other educational or related skill areas; plans, develops, organizes, implements, and assesses a comprehensive educational program for students; assists in other school programs as assigned; creates a supportive and flexible program and environment conducive to learning and personal growth according to each student’s ability and interests. Encourages students to develop and fulfill their academic potential. ESSENTIAL PHYSICAL REQUIREMENTS Occasional lifting five (5) to ten (10) pounds Frequent sitting and standing Occasional bending or squatting. Responsibilities Position Specific Information (if Applicable): As a teacher you would be expected to plan, organize and implement an appropriate instructional program in a learning environment that guides and encourages students to develop and fulfill their academic potential. You are challenged with new teaching methods and educational tools in an ever changing and strategic environment. You would plan, prepare and deliver instructional activities that facilitate active learning experiences and establish and communicate clear objectives for all learning activities. You would utilize technology and integrate the use of technology to provide a variety of learning materials and resources for use in educational activities, instruc"
TEACHER,3895528228,Middle School Performing Arts Teacher,"Newark, NJ",Associate,3,"Middle School Performing Arts Teacher. Company Description Uncommon Schools is a nonprofit network of high-performing, public charter schools providing an outstanding K-12 education in historically under-resourced communities. We have proudly built schools that reflect our student population, with more than 60% of our teachers and staff across our network identifying as a person of color. Uncommon currently manages 53 schools serving more than 20,000 students in five cities: Boston, Camden, New York City, Newark, and Rochester. We are proud that Uncommon graduates persist in and graduate from college at five times the rate of their peers nationally. We achieve this by offering strong academic, co-curricular, and social-emotional learning that prepares students for success in college and beyond. North Star Academy currently manages fourteen schools in Newark, NJ serving students in grades K through 12. We believe in strong authentic relationships between teachers and students, supported by effective school systems and an engaging instructional model that enables students to flourish academically and personally. North Star Academy is NJ's #1 highest performing public charter school and has served Newark families for over 20 years. Job Description Performing arts teachers at Uncommon Schools train communication skill through musical theatre. They hold responsibility for the implementation of Uncommon Schools’ performing arts curriculum and the success of its students. This performance-based program, which teaches during the school day, ensures that students perform multiple times annually. Our Performing Arts Mission Statement: Uncommon NSA-CP Performing Arts team is an inclusive collective of anti-racist artist activists, dedicated to closing the opportunity gap by training confident communicators through theatre, music, and dance. By building a comprehensive communication toolkit, scholars will be able to express their authentic voices with confidence, seize opportunity, choose their own path and become a"
