ID,Category,edu_level,female_cues,male_cues,gender_signal,location_masked,countries,race_ethnicity,age,marital_family,religion,nationality,disability_veteran,edu_name
16852973,HR,1,0,0,None,True,,0,0,0,0,0,0,High school
22323967,HR,4,0,0,None,True,,0,0,0,0,0,0,Master
33176873,HR,4,0,0,None,True,US,0,0,0,0,0,0,Master
27018550,HR,0,0,0,None,True,,0,0,0,0,0,1,None
17812897,HR,3,0,0,None,True,,0,0,0,0,0,0,Bachelor
11592605,HR,0,4,0,Female,True,US,0,0,0,0,2,0,None
25824789,HR,3,0,0,None,True,,0,0,0,0,0,0,Bachelor
15375009,HR,4,0,0,None,True,,0,0,0,0,0,4,Master
11847784,HR,3,0,0,None,True,,0,0,0,0,0,0,Bachelor
32896934,HR,3,0,0,None,True,,0,0,0,0,0,0,Bachelor
29149998,HR,2,0,0,None,True,,0,0,0,0,0,0,Associate
11480899,HR,4,0,0,None,True,US,0,0,0,0,0,0,Master
23155093,HR,2,0,0,None,True,,0,0,0,0,0,0,Associate
11763983,HR,4,0,0,None,True,US;Canada,0,0,0,0,0,2,Master
27490876,HR,4,0,0,None,True,,0,0,0,0,0,0,Master
32977530,HR,0,0,0,None,True,US,0,0,0,0,0,0,None
93002334,HR,3,0,0,None,False,,0,0,0,0,0,1,Bachelor
24184357,HR,0,0,0,None,False,,0,0,1,0,0,0,None
73077810,HR,4,0,0,None,True,,0,0,0,0,0,1,Master
13879043,HR,4,0,0,None,False,,0,0,0,0,0,0,Master
30163002,HR,0,0,0,None,True,US,0,0,0,0,0,0,None
18827609,HR,3,1,0,Female,True,,0,0,0,0,0,0,Bachelor
25676643,HR,4,0,0,None,True,,0,0,0,0,0,0,Master
12786012,HR,4,0,0,None,True,,0,0,0,0,0,1,Master
87968870,HR,3,0,0,None,True,US,0,0,0,0,0,1,Bachelor
46258701,HR,0,0,0,None,True,,0,0,0,0,0,0,None
14225422,HR,4,0,0,None,True,,0,0,0,0,0,0,Master
29297973,HR,4,0,0,None,True,,0,0,0,0,0,0,Master
18334783,HR,0,0,0,None,False,,0,0,0,0,0,0,None
19717385,HR,4,0,0,None,True,US;India,0,0,2,0,0,1,Master
49937469,HR,2,0,0,None,True,,0,0,0,0,0,0,Associate
18316239,HR,2,0,0,None,True,US;Germany,0,0,0,0,0,0,Associate
17855844,HR,3,0,0,None,True,,0,0,0,2,0,0,Bachelor
57667857,HR,3,0,0,None,True,US,0,0,0,0,0,2,Bachelor
17422560,HR,0,0,0,None,True,,0,0,0,0,0,0,None
32947778,HR,3,0,0,None,True,,0,0,0,0,0,0,Bachelor
23914451,HR,3,0,0,None,True,US,0,0,0,0,0,0,Bachelor
21265194,HR,4,0,0,None,True,US,1,0,1,0,0,0,Master
51769822,HR,0,0,0,None,True,,0,0,0,0,0,0,None
19616406,HR,0,0,0,None,True,,0,0,0,0,0,2,None
41523474,HR,4,0,0,None,True,India,0,0,0,0,0,0,Master
59962788,HR,4,0,0,None,True,,0,0,0,0,0,1,Master
86184722,HR,4,0,0,None,True,,0,0,0,0,0,1,Master
28419173,HR,0,1,0,Female,True,,0,0,0,0,0,0,None
18155310,HR,2,0,0,None,True,,0,0,0,0,0,0,Associate
26780935,HR,3,0,0,None,True,,0,0,0,0,0,0,Bachelor
34554248,HR,4,0,0,None,True,,0,0,0,0,0,0,Master
26202430,HR,3,0,0,None,True,India;Canada,0,0,0,0,0,0,Bachelor
19867922,HR,4,0,0,None,True,,0,0,0,0,0,0,Master
91930382,HR,4,0,0,None,True,US;India,0,0,0,0,0,0,Master
30646367,HR,3,0,0,None,True,,0,0,0,0,0,0,Bachelor
39650734,HR,4,0,0,None,True,US,0,0,0,0,0,0,Master
72231872,HR,4,0,0,None,True,UK;Canada,0,0,0,0,0,1,Master
13520837,HR,3,1,0,Female,True,,0,0,0,0,0,0,Bachelor
18422164,HR,4,0,0,None,True,,0,0,0,5,0,0,Master
30862904,HR,3,0,0,None,True,,0,0,0,0,0,0,Bachelor
52979663,HR,3,0,0,None,True,US;UK;Canada,0,0,0,0,0,1,Bachelor
28828844,HR,2,0,0,None,True,,0,0,0,0,0,1,Associate
21830565,HR,3,0,0,None,True,,0,0,0,0,0,0,Bachelor
27523575,HR,3,0,0,None,True,,0,0,0,1,0,0,Bachelor
39081840,HR,3,0,0,None,True,Malaysia,0,0,0,0,0,1,Bachelor
20925036,HR,4,0,0,None,True,India;UK,0,2,3,0,2,0,Master
15576950,HR,1,0,0,None,True,,0,0,0,0,0,0,High school
29564653,HR,3,0,0,None,True,,0,0,0,0,0,0,Bachelor
14886205,HR,3,0,0,None,False,,0,0,0,0,0,0,Bachelor
17412079,HR,4,0,0,None,False,,0,0,1,0,0,0,Master
16861758,HR,0,0,0,None,True,US,0,0,0,0,0,0,None
93112113,HR,3,0,0,None,True,,0,0,0,0,0,3,Bachelor
15041689,HR,1,0,0,None,True,,0,0,0,0,0,1,High school
80162314,HR,4,0,0,None,True,,0,0,1,0,0,2,Master
20993320,HR,4,1,0,Female,True,,0,0,0,0,0,0,Master
14640322,HR,3,0,0,None,True,India,0,1,2,0,1,0,Bachelor
26289308,HR,3,0,0,None,True,,0,0,0,0,0,0,Bachelor
23408537,HR,2,0,0,None,True,,0,0,0,0,0,0,Associate
28808263,HR,3,0,0,None,True,,0,0,0,0,0,0,Bachelor
18084150,HR,4,0,0,None,True,,0,0,0,0,0,0,Master
26671167,HR,1,0,0,None,True,US,0,0,0,0,0,0,High school
44476983,HR,3,0,0,None,True,,0,0,0,0,0,0,Bachelor
16877897,HR,4,0,0,None,False,,0,0,0,0,0,0,Master
29091445,HR,3,0,0,None,True,Canada;China;Germany;Nigeria,0,0,0,0,0,0,Bachelor
25724495,HR,4,0,0,None,True,India,0,0,0,0,1,0,Master
24508725,HR,4,2,3,Male,True,,0,0,0,0,0,1,Master
11698189,HR,4,0,0,None,True,,0,0,0,0,0,0,Master
27165830,HR,3,1,0,Female,True,US,0,0,0,0,0,0,Bachelor
47470864,HR,2,0,0,None,True,,0,0,0,0,0,0,Associate
34740556,HR,3,0,0,None,True,,0,0,0,0,0,0,Bachelor
18557164,HR,0,0,0,None,True,,0,0,0,0,1,0,None
19179079,HR,3,0,0,None,True,,0,0,0,1,0,0,Bachelor
13376919,HR,4,0,0,None,False,India,0,0,0,0,0,0,Master
26048718,HR,5,0,0,None,True,,0,0,0,0,0,1,PhD
17150707,HR,3,0,0,None,True,,0,0,0,0,0,1,Bachelor
18297650,HR,4,0,0,None,True,India,0,0,0,0,0,0,Master
23510685,HR,4,0,0,None,True,US;India;UK;China;Germany,0,0,0,0,0,0,Master
39970711,HR,4,0,0,None,True,,0,0,0,0,0,1,Master
20806155,HR,4,0,0,None,True,US,0,0,0,0,0,0,Master
28640735,HR,0,0,0,None,True,,0,0,0,0,0,0,None
15575117,HR,4,0,2,Male,True,,0,0,0,6,0,0,Master
27496514,HR,4,0,0,None,True,,0,0,0,0,0,0,Master
14256329,HR,3,0,0,None,True,,0,0,0,0,0,0,Bachelor
19336728,HR,3,0,0,None,True,,0,0,0,0,0,0,Bachelor
10694288,HR,3,0,0,None,True,,0,0,0,0,0,5,Bachelor
28175164,HR,4,0,0,None,True,,0,0,0,0,0,0,Master
10399912,HR,3,0,0,None,True,,0,0,0,0,0,0,Bachelor
20417897,HR,4,0,0,None,True,,0,0,0,0,0,0,Master
18731098,HR,4,0,0,None,True,US,0,0,0,0,0,2,Master
30563572,HR,3,0,0,None,True,,0,0,0,0,0,0,Bachelor
24402267,HR,4,0,0,None,True,India,0,1,2,0,2,0,Master
32308556,HR,4,0,0,None,True,,0,0,0,0,0,0,Master
27847081,HR,3,0,0,None,True,,0,0,0,0,0,0,Bachelor
25150191,HR,4,4,1,Female,True,,0,0,0,0,0,0,Master
37058472,DESIGNER,3,0,0,None,True,,0,0,1,0,0,0,Bachelor
68240723,DESIGNER,3,0,0,None,True,US,0,0,0,0,0,0,Bachelor
76010167,DESIGNER,3,0,0,None,True,,0,0,0,0,0,0,Bachelor
19164410,DESIGNER,2,2,1,Female,True,,0,0,0,0,0,0,Associate
29147100,DESIGNER,3,0,0,None,True,US,0,0,0,1,0,0,Bachelor
25061645,DESIGNER,3,0,0,None,True,China,0,0,0,0,0,0,Bachelor
11919526,DESIGNER,4,0,0,None,True,US,0,0,1,0,0,0,Master
81011612,DESIGNER,0,0,0,None,True,US,0,0,0,0,0,0,None
11722421,DESIGNER,4,1,0,Female,True,US;India;China,0,0,0,0,0,0,Master
13774329,DESIGNER,4,0,0,None,True,,0,0,2,2,0,0,Master
35990852,DESIGNER,3,0,1,Male,True,India,0,0,0,0,0,0,Bachelor
36269672,DESIGNER,0,0,0,None,True,,0,0,0,0,0,0,None
90066849,DESIGNER,2,7,1,Female,True,,0,0,0,0,0,0,Associate
27529455,DESIGNER,5,0,0,None,True,,0,0,0,0,0,0,PhD
85101052,DESIGNER,3,0,0,None,True,,0,0,0,0,0,0,Bachelor
22567495,DESIGNER,4,0,0,None,True,,0,0,0,0,0,0,Master
10751444,DESIGNER,4,0,1,Male,True,,0,0,0,0,0,0,Master
11807040,DESIGNER,4,0,0,None,True,,0,0,1,0,0,0,Master
12415691,DESIGNER,3,0,0,None,True,,0,0,1,0,0,0,Bachelor
38565119,DESIGNER,3,0,0,None,True,,0,0,0,0,0,0,Bachelor
21705160,DESIGNER,0,1,0,Female,True,,0,0,0,0,0,0,None
26496059,DESIGNER,2,0,0,None,True,,0,0,0,0,0,0,Associate
29524570,DESIGNER,4,0,0,None,True,India;UK;Canada,0,0,0,0,0,0,Master
15936656,DESIGNER,0,0,0,None,True,,0,0,0,0,0,0,None
13557622,DESIGNER,0,0,0,None,True,,0,0,0,0,0,0,None
41506705,DESIGNER,2,0,0,None,True,,0,0,0,0,0,0,Associate
32954522,DESIGNER,2,0,0,None,True,,0,0,0,0,0,0,Associate
44185767,DESIGNER,4,0,0,None,True,,0,0,0,0,0,0,Master
14014749,DESIGNER,3,0,0,None,True,US,1,0,1,0,0,0,Bachelor
34349255,DESIGNER,2,0,0,None,True,,0,0,0,0,0,0,Associate
16288901,DESIGNER,3,0,0,None,False,,0,0,0,0,0,0,Bachelor
25422388,DESIGNER,3,0,0,None,True,US,0,0,0,0,0,0,Bachelor
22496394,DESIGNER,1,0,0,None,True,US,0,0,0,0,0,0,High school
38744475,DESIGNER,3,0,0,None,True,US,0,0,0,0,0,0,Bachelor
67582956,DESIGNER,3,0,0,None,True,US,0,0,0,0,0,0,Bachelor
26676567,DESIGNER,3,0,2,Male,True,US,0,0,0,0,0,0,Bachelor
14724186,DESIGNER,1,0,0,None,True,,0,0,0,0,0,0,High school
10748989,DESIGNER,3,0,0,None,True,,0,0,0,0,0,0,Bachelor
26924514,DESIGNER,4,0,0,None,True,,0,0,0,0,0,0,Master
12674307,DESIGNER,3,0,0,None,True,,0,0,0,0,0,0,Bachelor
23951429,DESIGNER,0,0,0,None,True,US,0,0,0,0,0,0,None
26046064,DESIGNER,0,0,0,None,True,US,0,0,0,0,0,0,None
28326441,DESIGNER,3,6,0,Female,True,China;Germany,0,0,0,0,0,0,Bachelor
78149576,DESIGNER,1,0,0,None,True,,0,0,0,0,0,0,High school
17555081,DESIGNER,4,1,0,Female,True,US,0,0,0,0,0,0,Master
39776400,DESIGNER,2,0,0,None,True,US,0,0,0,0,0,0,Associate
37263609,DESIGNER,4,0,0,None,True,US,0,0,0,0,0,0,Master
13518263,DESIGNER,2,0,0,None,True,US,0,0,0,0,0,0,Associate
11155153,DESIGNER,2,0,0,None,True,US,0,0,0,0,0,0,Associate
54201930,DESIGNER,3,0,0,None,True,UK,0,0,0,0,0,0,Bachelor
10466583,DESIGNER,0,0,0,None,True,,0,0,0,0,0,0,None
26790545,DESIGNER,3,0,0,None,True,Nigeria,0,0,0,0,0,0,Bachelor
11958994,DESIGNER,2,0,0,None,True,US,0,0,0,0,0,0,Associate
30968749,DESIGNER,3,0,0,None,True,,0,0,0,0,0,0,Bachelor
20932019,DESIGNER,3,0,0,None,True,US,0,0,0,0,0,0,Bachelor
51681660,DESIGNER,2,1,8,Male,True,US,0,0,1,0,0,0,Associate
34657584,DESIGNER,1,0,0,None,True,India,0,2,4,0,2,0,High school
15471999,DESIGNER,1,0,1,Male,True,US,0,0,0,0,0,0,High school
18979238,DESIGNER,3,0,0,None,True,,0,0,0,0,0,0,Bachelor
26622051,DESIGNER,2,0,0,None,True,,0,0,2,0,0,0,Associate
22675694,DESIGNER,1,0,0,None,True,US,0,1,0,0,0,0,High school
25023614,DESIGNER,0,0,0,None,True,UK,0,0,0,0,0,0,None
20390397,DESIGNER,3,0,0,None,True,,0,0,0,0,0,0,Bachelor
17199951,DESIGNER,4,0,0,None,True,UK,0,0,0,0,0,0,Master
14743911,DESIGNER,3,0,0,None,True,US,0,0,0,0,0,0,Bachelor
24455357,DESIGNER,0,0,0,None,True,,0,0,0,0,0,0,None
91153752,DESIGNER,4,0,0,None,True,UK;China,0,0,0,0,0,0,Master
14528265,DESIGNER,0,0,0,None,True,US,0,0,0,0,0,0,None
18460045,DESIGNER,0,0,0,None,False,,0,0,0,0,0,0,None
20986595,DESIGNER,4,0,0,None,True,China,1,0,1,0,0,0,Master
20748926,DESIGNER,1,0,0,None,True,Canada,0,0,0,0,0,0,High school
32532982,DESIGNER,1,0,0,None,True,,0,0,0,0,0,0,High school
34317538,DESIGNER,3,0,30,Male,True,US;China,1,0,0,0,0,0,Bachelor
19195747,DESIGNER,2,0,1,Male,True,,0,0,0,0,0,0,Associate
12547982,DESIGNER,3,0,0,None,True,US,0,0,0,0,0,0,Bachelor
94417768,DESIGNER,2,0,0,None,True,,0,0,2,2,0,0,Associate
24655918,DESIGNER,2,0,0,None,True,,0,0,0,0,0,0,Associate
27497542,DESIGNER,3,3,0,Female,True,,0,0,0,0,0,0,Bachelor
62312955,DESIGNER,2,0,0,None,True,US,0,0,0,0,0,0,Associate
22506245,DESIGNER,3,0,0,None,True,,0,0,0,0,0,0,Bachelor
28663949,DESIGNER,4,0,0,None,True,,0,0,0,0,0,0,Master
39434376,DESIGNER,3,0,0,None,True,,0,0,0,3,0,0,Bachelor
13998435,DESIGNER,4,0,0,None,True,US,0,0,0,0,0,0,Master
30965258,DESIGNER,2,0,0,None,True,,0,0,1,0,0,0,Associate
18835363,DESIGNER,3,0,0,None,True,UK,0,0,0,0,0,0,Bachelor
26503829,DESIGNER,0,1,0,Female,True,US,0,0,1,0,0,0,None
18198627,DESIGNER,3,0,0,None,False,,0,0,0,0,0,0,Bachelor
39252859,DESIGNER,3,0,0,None,True,US,0,0,3,0,0,0,Bachelor
34051710,DESIGNER,3,1,0,Female,True,,0,0,0,0,1,0,Bachelor
37664296,DESIGNER,2,0,0,None,True,US,0,0,0,0,0,0,Associate
21916744,DESIGNER,3,3,2,Female,True,,0,0,1,0,0,0,Bachelor
15425154,DESIGNER,4,1,0,Female,True,Germany,0,0,0,0,0,0,Master
24285142,DESIGNER,0,0,0,None,True,,0,0,1,0,0,0,None
24583187,DESIGNER,3,0,0,None,True,,0,0,0,0,0,0,Bachelor
29865476,DESIGNER,3,1,1,None,True,,0,0,0,0,0,0,Bachelor
25949631,DESIGNER,3,0,0,None,True,US,0,0,0,0,0,0,Bachelor
21283733,DESIGNER,3,0,0,None,True,,0,0,0,0,0,0,Bachelor
51018476,DESIGNER,2,0,0,None,True,,0,0,0,0,0,0,Associate
13014900,DESIGNER,2,0,0,None,True,US,0,0,3,0,0,0,Associate
44145704,DESIGNER,4,1,0,Female,True,US,0,0,0,0,0,0,Master
18795567,DESIGNER,4,0,0,None,True,China,0,0,0,0,0,0,Master
42384185,DESIGNER,4,0,0,None,True,,0,0,0,0,0,0,Master
26942552,DESIGNER,3,0,0,None,True,Canada,0,0,0,0,0,0,Bachelor
67645662,DESIGNER,1,0,0,None,True,,0,0,0,0,0,0,High school
34511655,DESIGNER,3,0,0,None,True,,0,0,0,0,0,0,Bachelor
37695494,DESIGNER,3,2,0,Female,True,UK;China,0,0,0,0,0,0,Bachelor
93301686,DESIGNER,3,0,0,None,True,,0,0,0,0,0,0,Bachelor
36856210,INFORMATION-TECHNOLOGY,2,0,0,None,True,,0,0,0,0,0,0,Associate
21780877,INFORMATION-TECHNOLOGY,1,0,0,None,True,,0,0,0,0,0,0,High school
33241454,INFORMATION-TECHNOLOGY,2,0,0,None,True,US,0,0,0,0,0,0,Associate
25990239,INFORMATION-TECHNOLOGY,5,0,0,None,True,,0,0,0,0,0,0,PhD
16899268,INFORMATION-TECHNOLOGY,3,0,0,None,True,,0,0,0,0,0,0,Bachelor
91635250,INFORMATION-TECHNOLOGY,0,0,0,None,True,,0,0,0,0,0,0,None
19796840,INFORMATION-TECHNOLOGY,3,1,1,None,True,India,0,0,0,0,0,0,Bachelor
15651486,INFORMATION-TECHNOLOGY,3,0,0,None,True,,0,0,0,0,0,0,Bachelor
52246737,INFORMATION-TECHNOLOGY,2,0,0,None,True,,0,0,0,0,0,0,Associate
12045067,INFORMATION-TECHNOLOGY,3,0,0,None,True,US,0,0,0,0,0,0,Bachelor
13836471,INFORMATION-TECHNOLOGY,0,0,0,None,True,,0,0,0,0,0,0,None
14789139,INFORMATION-TECHNOLOGY,4,0,0,None,False,,0,0,0,0,0,0,Master
36434348,INFORMATION-TECHNOLOGY,4,0,0,None,True,,0,0,0,0,0,2,Master
27536013,INFORMATION-TECHNOLOGY,1,0,0,None,True,,0,0,0,0,0,0,High school
18301617,INFORMATION-TECHNOLOGY,3,0,0,None,False,,0,0,0,0,0,0,Bachelor
24913648,INFORMATION-TECHNOLOGY,3,0,0,None,True,,0,0,0,0,0,0,Bachelor
26801767,INFORMATION-TECHNOLOGY,5,0,0,None,True,US,0,0,0,0,0,0,PhD
27372171,INFORMATION-TECHNOLOGY,4,0,0,None,True,Germany,0,0,0,0,0,0,Master
91697974,INFORMATION-TECHNOLOGY,3,0,1,Male,True,,0,0,1,0,0,0,Bachelor
28672970,INFORMATION-TECHNOLOGY,3,0,0,None,True,Philippines,0,0,0,0,0,0,Bachelor
66832845,INFORMATION-TECHNOLOGY,0,0,0,None,True,,0,0,0,0,0,0,None
25207620,INFORMATION-TECHNOLOGY,0,0,19,Male,False,,0,0,0,0,0,0,None
41344156,INFORMATION-TECHNOLOGY,3,0,0,None,True,,0,0,0,0,0,0,Bachelor
68460556,INFORMATION-TECHNOLOGY,0,0,2,Male,True,,0,0,0,0,0,0,None
10247517,INFORMATION-TECHNOLOGY,4,0,0,None,True,,0,0,0,0,0,0,Master
25959103,INFORMATION-TECHNOLOGY,4,0,0,None,True,US,0,0,0,0,0,0,Master
13385306,INFORMATION-TECHNOLOGY,4,0,0,None,False,,0,0,0,0,0,0,Master
38753827,INFORMATION-TECHNOLOGY,3,0,0,None,True,,0,0,0,0,0,0,Bachelor
17681064,INFORMATION-TECHNOLOGY,4,0,0,None,True,,0,0,0,0,0,0,Master
25905275,INFORMATION-TECHNOLOGY,3,0,0,None,True,Germany,0,0,0,0,1,2,Bachelor
11580408,INFORMATION-TECHNOLOGY,3,0,0,None,True,US,0,0,0,0,0,0,Bachelor
19201175,INFORMATION-TECHNOLOGY,1,0,0,None,True,,0,0,0,0,0,0,High school
12635195,INFORMATION-TECHNOLOGY,4,0,0,None,True,,0,0,0,0,0,0,Master
32959732,INFORMATION-TECHNOLOGY,3,0,0,None,True,US;India;UK,0,0,0,0,0,0,Bachelor
17688766,INFORMATION-TECHNOLOGY,0,0,0,None,True,,0,0,0,0,0,0,None
20024870,INFORMATION-TECHNOLOGY,4,0,0,None,True,US;China,0,0,0,0,0,0,Master
22450718,INFORMATION-TECHNOLOGY,3,0,0,None,True,,0,0,1,0,0,0,Bachelor
46260230,INFORMATION-TECHNOLOGY,2,0,0,None,True,,0,0,0,0,0,0,Associate
10839851,INFORMATION-TECHNOLOGY,0,0,0,None,False,US,0,0,0,0,0,0,None
18752129,INFORMATION-TECHNOLOGY,0,0,0,None,False,,0,0,14,0,0,0,None
37764298,INFORMATION-TECHNOLOGY,3,0,0,None,True,,0,0,0,0,0,0,Bachelor
90867631,INFORMATION-TECHNOLOGY,4,0,1,Male,True,US,0,0,0,0,0,0,Master
17641670,INFORMATION-TECHNOLOGY,0,0,0,None,True,,0,0,0,0,0,0,None
24889109,INFORMATION-TECHNOLOGY,2,0,0,None,False,US;Germany,0,0,0,0,0,0,Associate
24083609,INFORMATION-TECHNOLOGY,2,0,0,None,True,,0,0,0,0,0,0,Associate
24038620,INFORMATION-TECHNOLOGY,4,0,0,None,True,,0,0,0,0,0,1,Master
29051656,INFORMATION-TECHNOLOGY,3,0,0,None,True,,0,0,1,0,0,0,Bachelor
20237244,INFORMATION-TECHNOLOGY,3,0,0,None,True,US,0,0,0,0,0,0,Bachelor
20001721,INFORMATION-TECHNOLOGY,3,0,0,None,True,US,0,0,0,0,0,0,Bachelor
92069209,INFORMATION-TECHNOLOGY,3,0,0,None,True,,0,0,0,0,0,0,Bachelor
13405733,INFORMATION-TECHNOLOGY,4,0,0,None,True,,0,0,0,0,0,0,Master
28697203,INFORMATION-TECHNOLOGY,4,0,0,None,True,,0,0,0,0,0,0,Master
28035460,INFORMATION-TECHNOLOGY,4,0,0,None,False,Nigeria,0,0,0,0,0,0,Master
21283365,INFORMATION-TECHNOLOGY,4,0,0,None,True,,0,0,0,0,0,0,Master
17987433,INFORMATION-TECHNOLOGY,4,0,0,None,True,India,0,0,0,0,0,0,Master
10553553,INFORMATION-TECHNOLOGY,4,0,0,None,True,Canada,0,0,0,0,0,0,Master
15118506,INFORMATION-TECHNOLOGY,3,0,0,None,True,,0,0,0,0,0,0,Bachelor
18176523,INFORMATION-TECHNOLOGY,3,0,0,None,True,US,0,0,0,0,0,0,Bachelor
24020470,INFORMATION-TECHNOLOGY,2,0,0,None,True,US,0,0,0,0,0,0,Associate
70089206,INFORMATION-TECHNOLOGY,4,0,0,None,False,,0,0,1,0,0,0,Master
27770859,INFORMATION-TECHNOLOGY,4,0,0,None,True,US,0,0,0,0,0,0,Master
57002858,INFORMATION-TECHNOLOGY,2,0,0,None,True,,0,0,0,0,0,0,Associate
13477922,INFORMATION-TECHNOLOGY,4,0,0,None,True,,0,0,0,0,0,0,Master
28126340,INFORMATION-TECHNOLOGY,3,0,0,None,True,,0,0,0,0,0,0,Bachelor
37242217,INFORMATION-TECHNOLOGY,3,0,0,None,True,,0,0,0,0,0,0,Bachelor
10089434,INFORMATION-TECHNOLOGY,3,0,0,None,True,US,0,0,0,0,0,0,Bachelor
11957080,INFORMATION-TECHNOLOGY,3,0,0,None,True,,0,0,0,1,0,0,Bachelor
35325329,INFORMATION-TECHNOLOGY,0,0,0,None,True,,0,0,0,0,0,0,None
10840430,INFORMATION-TECHNOLOGY,4,0,0,None,True,China,0,0,0,0,0,0,Master
64017585,INFORMATION-TECHNOLOGY,0,0,0,None,True,,0,0,0,0,0,0,None
19850482,INFORMATION-TECHNOLOGY,3,0,1,Male,True,,0,0,0,0,0,0,Bachelor
52618188,INFORMATION-TECHNOLOGY,3,0,0,None,True,US,0,0,0,0,0,0,Bachelor
28897981,INFORMATION-TECHNOLOGY,4,0,0,None,True,US,0,0,0,2,0,0,Master
51639418,INFORMATION-TECHNOLOGY,5,0,0,None,True,,0,0,0,0,0,0,PhD
20674668,INFORMATION-TECHNOLOGY,3,0,0,None,True,US,0,0,0,0,0,0,Bachelor
23527321,INFORMATION-TECHNOLOGY,4,0,0,None,True,US,0,0,1,0,0,0,Master
18159866,INFORMATION-TECHNOLOGY,3,0,0,None,True,,0,0,2,0,0,0,Bachelor
22776912,INFORMATION-TECHNOLOGY,0,0,0,None,True,US,0,0,0,0,0,0,None
23864648,INFORMATION-TECHNOLOGY,3,0,0,None,True,,0,0,1,0,0,0,Bachelor
18187364,INFORMATION-TECHNOLOGY,4,0,0,None,True,,0,0,0,0,0,0,Master
83816738,INFORMATION-TECHNOLOGY,4,0,0,None,True,US,0,0,1,0,0,0,Master
20824105,INFORMATION-TECHNOLOGY,4,0,0,None,True,,0,0,0,0,0,0,Master
33381211,INFORMATION-TECHNOLOGY,4,0,0,None,True,,0,0,0,0,0,0,Master
16533554,INFORMATION-TECHNOLOGY,3,0,0,None,True,,0,0,0,0,0,0,Bachelor
20879311,INFORMATION-TECHNOLOGY,3,0,0,None,True,UK,0,0,0,0,0,0,Bachelor
31111279,INFORMATION-TECHNOLOGY,3,0,0,None,True,,0,0,0,0,0,0,Bachelor
17111768,INFORMATION-TECHNOLOGY,4,0,0,None,True,US,0,0,0,0,0,0,Master
11584809,INFORMATION-TECHNOLOGY,4,0,0,None,True,US,0,0,0,0,0,0,Master
20408458,INFORMATION-TECHNOLOGY,3,0,0,None,True,,0,0,0,0,0,0,Bachelor
91121135,INFORMATION-TECHNOLOGY,1,0,0,None,True,,0,0,0,0,0,0,High school
24230851,INFORMATION-TECHNOLOGY,2,0,0,None,True,,0,0,0,0,0,0,Associate
40018190,INFORMATION-TECHNOLOGY,3,0,0,None,True,,0,0,0,0,0,0,Bachelor
16186411,INFORMATION-TECHNOLOGY,4,1,1,None,True,India,0,0,0,0,0,0,Master
29975124,INFORMATION-TECHNOLOGY,3,0,0,None,True,,0,0,0,0,0,0,Bachelor
26746496,INFORMATION-TECHNOLOGY,4,1,1,None,True,India,0,0,0,0,0,0,Master
89413122,INFORMATION-TECHNOLOGY,0,0,0,None,True,,0,0,0,0,0,0,None
12334140,INFORMATION-TECHNOLOGY,3,0,0,None,True,,0,0,1,0,0,0,Bachelor
10641230,INFORMATION-TECHNOLOGY,2,0,0,None,True,US,0,0,0,0,0,0,Associate
10265057,INFORMATION-TECHNOLOGY,4,0,0,None,False,,0,0,0,0,0,0,Master
30223363,INFORMATION-TECHNOLOGY,0,0,0,None,False,Canada,2,0,0,0,0,0,None
15791766,INFORMATION-TECHNOLOGY,4,0,0,None,True,,0,0,0,0,0,0,Master
29075857,INFORMATION-TECHNOLOGY,3,0,0,None,True,India,0,0,2,0,0,0,Bachelor
12763627,INFORMATION-TECHNOLOGY,4,0,0,None,True,US;India,0,0,1,0,0,1,Master
39718499,INFORMATION-TECHNOLOGY,3,0,0,None,True,,0,0,0,0,0,0,Bachelor
27058381,INFORMATION-TECHNOLOGY,0,0,0,None,False,,0,0,4,0,0,0,None
25857360,INFORMATION-TECHNOLOGY,2,0,1,Male,True,,0,0,0,0,0,0,Associate
26768723,INFORMATION-TECHNOLOGY,3,0,0,None,True,,0,0,0,0,0,0,Bachelor
31243710,INFORMATION-TECHNOLOGY,4,0,0,None,True,US,0,0,0,0,0,0,Master
15297298,INFORMATION-TECHNOLOGY,4,0,0,None,True,,0,0,0,0,0,0,Master
27295996,INFORMATION-TECHNOLOGY,3,0,0,None,True,,0,0,0,0,0,0,Bachelor
39413067,INFORMATION-TECHNOLOGY,2,0,0,None,True,US,0,0,0,0,0,0,Associate
48037995,INFORMATION-TECHNOLOGY,4,0,0,None,True,US,0,0,1,0,0,0,Master
15802627,INFORMATION-TECHNOLOGY,3,0,0,None,True,,0,0,0,0,0,0,Bachelor
51363762,INFORMATION-TECHNOLOGY,3,0,0,None,True,US,0,0,0,0,0,0,Bachelor
18067556,INFORMATION-TECHNOLOGY,3,0,1,Male,True,,0,0,0,0,0,0,Bachelor
27485716,INFORMATION-TECHNOLOGY,3,0,0,None,True,,0,0,0,0,0,0,Bachelor
26480367,INFORMATION-TECHNOLOGY,3,0,0,None,True,,0,0,0,0,0,0,Bachelor
81761658,INFORMATION-TECHNOLOGY,3,0,0,None,True,,0,0,0,0,0,0,Bachelor
79541391,INFORMATION-TECHNOLOGY,3,0,0,None,True,,0,0,0,0,0,0,Bachelor
23666211,INFORMATION-TECHNOLOGY,4,0,0,None,True,US;UK,0,0,2,1,0,0,Master
12467531,TEACHER,4,0,0,None,True,,0,0,0,0,0,0,Master
19918523,TEACHER,4,0,0,None,True,,0,0,0,0,0,0,Master
62184086,TEACHER,4,0,0,None,True,,0,0,6,0,0,0,Master
28063132,TEACHER,3,0,0,None,True,US,1,0,4,6,0,0,Bachelor
29797594,TEACHER,3,0,0,None,True,US,0,0,1,0,0,0,Bachelor
22408666,TEACHER,3,0,0,None,True,,0,0,2,0,0,1,Bachelor
13087952,TEACHER,4,0,0,None,True,,0,0,0,0,0,0,Master
15850434,TEACHER,3,0,0,None,True,,0,0,2,0,0,1,Bachelor
28772892,TEACHER,4,0,0,None,True,,0,0,0,0,0,1,Master
33704389,TEACHER,3,0,0,None,True,US,0,0,3,0,0,0,Bachelor
16210888,TEACHER,4,0,0,None,False,,0,0,0,0,0,0,Master
38750659,TEACHER,4,0,0,None,True,,0,0,0,0,0,0,Master
90363254,TEACHER,4,0,0,None,True,US,0,0,0,1,0,0,Master
66906212,TEACHER,3,1,0,Female,True,,0,0,0,0,0,1,Bachelor
34745915,TEACHER,3,0,0,None,True,US,0,0,0,0,0,0,Bachelor
34689720,TEACHER,0,0,0,None,True,,0,0,0,0,0,0,None
48547319,TEACHER,2,0,0,None,True,,0,0,22,0,0,1,Associate
19464810,TEACHER,3,0,0,None,True,,0,0,0,0,0,0,Bachelor
28086303,TEACHER,4,0,0,None,True,,0,0,2,0,0,2,Master
13855004,TEACHER,3,0,0,None,True,,0,0,1,0,0,0,Bachelor
35421497,TEACHER,3,0,0,None,True,,0,0,3,0,0,0,Bachelor
69005326,TEACHER,1,0,0,None,True,,0,0,4,0,0,0,High school
18001081,TEACHER,4,0,0,None,True,US,0,0,9,0,0,0,Master
14958913,TEACHER,3,0,0,None,True,US;India,0,0,3,0,0,0,Bachelor
13296856,TEACHER,3,0,0,None,True,,0,0,0,0,0,0,Bachelor
63391085,TEACHER,4,0,0,None,True,US,0,0,2,0,0,2,Master
23939133,TEACHER,3,0,0,None,True,US;Nigeria,0,0,9,0,0,2,Bachelor
96547039,TEACHER,0,0,0,None,True,,0,0,21,0,0,0,None
22807104,TEACHER,1,0,0,None,True,US,0,0,4,0,0,0,High school
23628651,TEACHER,3,0,0,None,True,US,0,0,0,0,0,0,Bachelor
29486525,TEACHER,3,0,0,None,True,,0,0,0,0,0,0,Bachelor
22510753,TEACHER,4,0,0,None,True,,0,0,5,0,0,0,Master
21773106,TEACHER,4,0,2,Male,True,,0,0,0,2,0,0,Master
34465087,TEACHER,2,0,0,None,True,,0,0,20,0,0,0,Associate
24791126,TEACHER,4,0,0,None,True,,0,0,0,0,0,0,Master
15899269,TEACHER,4,0,0,None,True,,0,0,0,0,0,0,Master
37402097,TEACHER,1,0,0,None,True,,0,0,1,0,0,0,High school
36206485,TEACHER,3,1,0,Female,True,,0,0,11,0,0,0,Bachelor
36569713,TEACHER,4,0,0,None,True,,0,0,2,0,0,0,Master
28013287,TEACHER,3,0,0,None,True,,0,0,6,0,0,0,Bachelor
29267293,TEACHER,3,0,0,None,True,,0,0,1,0,2,0,Bachelor
45286020,TEACHER,4,0,0,None,True,US;Philippines,0,1,1,0,1,0,Master
13330982,TEACHER,4,0,0,None,True,US,0,0,2,0,0,0,Master
22551979,TEACHER,3,0,1,Male,True,,0,0,0,0,0,1,Bachelor
29639533,TEACHER,4,0,1,Male,True,,2,0,5,0,0,0,Master
49285644,TEACHER,4,0,0,None,True,,0,0,0,0,0,0,Master
16270906,TEACHER,3,0,0,None,True,,0,0,2,0,0,0,Bachelor
27531694,TEACHER,4,0,0,None,True,,0,0,10,0,0,4,Master
74816727,TEACHER,3,0,0,None,True,,0,0,2,0,0,0,Bachelor
23398843,TEACHER,2,0,0,None,True,,0,0,18,0,0,0,Associate
31552617,TEACHER,4,0,0,None,True,US,0,0,0,0,0,2,Master
19556300,TEACHER,3,0,0,None,True,,0,0,0,0,0,0,Bachelor
66683238,TEACHER,3,0,0,None,False,,0,0,0,0,0,0,Bachelor
17311685,TEACHER,4,0,0,None,True,,0,0,1,0,0,0,Master
17481570,TEACHER,4,0,0,None,True,,0,0,0,0,0,4,Master
22884757,TEACHER,3,0,0,None,True,,0,0,0,0,0,0,Bachelor
58708773,TEACHER,2,0,0,None,True,,0,0,3,0,0,0,Associate
10527994,TEACHER,3,0,0,None,True,,0,0,0,0,0,0,Bachelor
69532425,TEACHER,3,0,0,None,True,,0,0,0,0,0,0,Bachelor
20399718,TEACHER,4,0,0,None,True,,0,0,8,0,0,0,Master
19302310,TEACHER,3,0,0,None,True,,0,0,3,0,1,0,Bachelor
51209395,TEACHER,2,0,0,None,True,,0,0,0,0,0,0,Associate
22632070,TEACHER,4,0,0,None,True,,0,0,1,0,0,0,Master
22056333,TEACHER,0,0,0,None,True,,0,0,11,0,0,0,None
11336022,TEACHER,2,2,2,None,True,US,0,0,4,0,0,0,Associate
11616482,TEACHER,4,0,1,Male,True,,0,0,0,0,0,0,Master
34033933,TEACHER,3,0,0,None,True,US,0,0,1,0,0,0,Bachelor
21531811,TEACHER,2,0,0,None,True,,0,0,4,0,0,0,Associate
20626794,TEACHER,0,0,0,None,True,,0,0,3,0,0,1,None
58665241,TEACHER,5,2,0,Female,True,US,0,0,0,0,0,0,PhD
37660306,TEACHER,3,0,0,None,True,US,0,0,0,0,0,0,Bachelor
13583538,TEACHER,2,0,0,None,True,,0,0,7,0,0,0,Associate
20230207,TEACHER,4,0,0,None,True,US,0,0,0,1,0,1,Master
28642819,TEACHER,4,0,1,Male,True,,0,0,2,0,0,1,Master
16820422,TEACHER,4,1,1,None,True,UK,0,0,0,0,0,0,Master
29930479,TEACHER,4,0,0,None,True,,0,0,2,0,0,0,Master
25588694,TEACHER,4,1,0,Female,True,,0,2,4,0,0,0,Master
86597425,TEACHER,3,0,0,None,True,,0,0,3,0,0,0,Bachelor
10909720,TEACHER,4,0,0,None,True,US,0,0,11,1,0,0,Master
28933005,TEACHER,3,0,0,None,True,,0,0,0,0,0,0,Bachelor
53129155,TEACHER,3,0,0,None,True,,0,0,0,0,0,0,Bachelor
11943065,TEACHER,4,0,0,None,True,,0,0,2,0,0,0,Master
45987048,TEACHER,3,0,0,None,True,,0,0,0,0,0,0,Bachelor
99244405,TEACHER,4,0,0,None,True,,0,0,0,0,0,0,Master
32067700,TEACHER,3,0,0,None,True,,1,0,2,1,0,0,Bachelor
27126818,TEACHER,5,1,1,None,True,,1,0,2,0,0,3,PhD
19786924,TEACHER,2,0,0,None,True,,0,0,13,0,0,0,Associate
70892619,TEACHER,3,0,0,None,True,,0,0,0,0,0,0,Bachelor
25729119,TEACHER,4,0,0,None,True,,0,0,0,0,0,0,Master
58105060,TEACHER,4,0,0,None,True,,0,0,0,0,0,2,Master
12587973,TEACHER,3,0,0,None,True,,0,0,1,0,0,0,Bachelor
21611212,TEACHER,1,0,0,None,True,,0,0,11,0,0,0,High school
21550454,TEACHER,4,0,0,None,True,,0,0,3,0,0,0,Master
86322251,TEACHER,4,0,0,None,True,,0,0,0,0,0,0,Master
22968380,TEACHER,3,1,0,Female,True,US,0,0,0,0,0,0,Bachelor
10504237,TEACHER,3,0,0,None,True,,0,0,0,0,0,0,Bachelor
24240349,TEACHER,1,0,1,Male,True,,0,0,0,0,0,0,High school
20478831,TEACHER,4,1,0,Female,True,US,0,0,0,0,0,0,Master
79663360,TEACHER,4,0,0,None,True,,0,0,5,4,0,0,Master
76196367,TEACHER,4,0,0,None,True,,0,0,0,0,0,0,Master
27524018,TEACHER,5,0,0,None,True,,0,0,22,0,0,0,PhD
27798860,TEACHER,4,0,0,None,True,,0,0,0,0,0,0,Master
14445309,ADVOCATE,3,0,0,None,True,US,0,0,3,0,0,0,Bachelor
35474904,ADVOCATE,1,0,0,None,True,,0,0,0,0,0,0,High school
37348041,ADVOCATE,3,0,0,None,True,,0,0,0,0,0,1,Bachelor
89508407,ADVOCATE,3,0,0,None,True,US;Philippines,0,0,11,0,0,0,Bachelor
25873425,ADVOCATE,3,0,1,Male,True,,0,0,3,0,0,0,Bachelor
31040875,ADVOCATE,3,0,0,None,True,,0,0,8,0,0,0,Bachelor
11188218,ADVOCATE,3,1,0,Female,True,,0,0,0,0,0,0,Bachelor
73448369,ADVOCATE,2,0,0,None,True,,0,0,0,0,0,0,Associate
42164460,ADVOCATE,0,0,0,None,True,,0,0,0,0,0,0,None
18725071,ADVOCATE,4,0,0,None,True,,0,0,2,0,0,2,Master
28974459,ADVOCATE,0,0,0,None,True,,0,0,0,0,0,0,None
38291889,ADVOCATE,4,1,0,Female,True,US,0,0,0,0,0,0,Master
12171093,ADVOCATE,2,0,0,None,True,US,0,0,0,0,0,0,Associate
13967854,ADVOCATE,3,0,0,None,True,,1,0,0,1,0,0,Bachelor
90468982,ADVOCATE,1,0,0,None,True,,0,0,0,0,0,0,High school
49475708,ADVOCATE,1,0,0,None,True,,0,0,0,0,0,0,High school
54067174,ADVOCATE,1,0,0,None,True,,0,0,0,0,0,0,High school
49486820,ADVOCATE,2,0,0,None,True,,0,0,0,0,0,0,Associate
38860712,ADVOCATE,3,0,0,None,True,,0,0,0,0,0,0,Bachelor
16332348,ADVOCATE,4,0,0,None,True,,0,0,0,0,0,0,Master
34970271,ADVOCATE,4,0,0,None,True,,0,0,0,0,0,0,Master
14064815,ADVOCATE,4,0,0,None,True,,0,0,0,0,0,0,Master
12544735,ADVOCATE,4,0,0,None,True,,0,0,0,0,0,0,Master
20138606,ADVOCATE,3,0,0,None,True,,0,0,8,0,0,0,Bachelor
36694627,ADVOCATE,1,0,0,None,True,,0,0,0,0,0,0,High school
29926588,ADVOCATE,4,0,0,None,True,,0,0,0,0,0,0,Master
28206098,ADVOCATE,0,0,0,None,True,US,0,0,0,0,0,1,None
20765795,ADVOCATE,1,0,0,None,True,,0,1,2,0,0,0,High school
20272792,ADVOCATE,3,0,0,None,True,,0,0,7,0,0,0,Bachelor
20324037,ADVOCATE,3,0,0,None,True,,0,0,0,0,0,0,Bachelor
53169257,ADVOCATE,5,0,0,None,True,US,1,0,1,0,0,3,PhD
24588864,ADVOCATE,4,0,0,None,True,,0,0,3,0,0,7,Master
11963737,ADVOCATE,3,0,0,None,True,UK,0,0,0,0,0,0,Bachelor
13593241,ADVOCATE,3,0,0,None,True,,4,0,1,0,0,0,Bachelor
22391901,ADVOCATE,3,0,0,None,True,,0,0,1,0,0,0,Bachelor
10344379,ADVOCATE,1,0,0,None,True,,0,0,0,0,0,0,High school
74126637,ADVOCATE,3,0,0,None,True,US,0,0,3,0,0,0,Bachelor
26071861,ADVOCATE,3,0,0,None,True,,0,0,0,0,0,0,Bachelor
24410405,ADVOCATE,4,0,0,None,True,,0,0,0,0,0,0,Master
14146106,ADVOCATE,1,0,0,None,True,,0,0,0,0,0,0,High school
74191424,ADVOCATE,4,0,0,None,True,,0,0,2,2,0,1,Master
10186968,ADVOCATE,0,0,0,None,True,,0,0,4,0,0,0,None
20400279,ADVOCATE,1,0,0,None,True,US,0,0,0,0,0,0,High school
23427369,ADVOCATE,3,0,0,None,True,,0,0,0,0,0,0,Bachelor
95714702,ADVOCATE,4,0,0,None,True,US,0,0,0,0,0,0,Master
18997135,ADVOCATE,3,0,0,None,True,,0,0,2,0,0,0,Bachelor
11773767,ADVOCATE,3,0,0,None,True,,0,0,0,0,0,1,Bachelor
78538268,ADVOCATE,3,0,0,None,True,,0,0,1,0,0,0,Bachelor
13909762,ADVOCATE,1,0,0,None,True,,0,0,9,0,0,0,High school
20604208,ADVOCATE,1,1,0,Female,True,US,0,0,3,0,0,0,High school
72652441,ADVOCATE,1,0,0,None,True,,0,0,0,0,0,0,High school
24754689,ADVOCATE,4,0,0,None,True,US,0,0,0,0,0,0,Master
75057933,ADVOCATE,0,0,0,None,True,,1,0,0,0,0,0,None
19063156,ADVOCATE,1,0,0,None,True,,0,0,0,0,0,0,High school
91051945,ADVOCATE,3,0,0,None,True,,0,0,0,0,0,0,Bachelor
14176254,ADVOCATE,4,0,0,None,True,US,0,0,0,8,0,0,Master
22259475,ADVOCATE,1,0,0,None,True,US,0,0,0,0,0,0,High school
37560528,ADVOCATE,1,0,0,None,True,China,0,0,3,0,0,0,High school
23577836,ADVOCATE,3,0,0,None,True,,0,0,0,0,0,0,Bachelor
36392131,ADVOCATE,3,0,0,None,True,US,0,0,0,0,0,0,Bachelor
32965335,ADVOCATE,3,0,0,None,True,Philippines,0,0,0,0,0,0,Bachelor
21614256,ADVOCATE,4,1,0,Female,True,,0,0,4,0,0,0,Master
97405769,ADVOCATE,1,0,0,None,True,US,0,0,0,0,0,0,High school
95970987,ADVOCATE,4,1,5,Male,True,,3,0,1,0,0,0,Master
17021141,ADVOCATE,4,0,0,None,True,,0,0,0,0,0,1,Master
15337481,ADVOCATE,2,0,0,None,True,,0,0,0,0,0,0,Associate
75950464,ADVOCATE,3,0,0,None,True,,0,0,9,0,0,2,Bachelor
19518606,ADVOCATE,0,0,0,None,True,US,0,0,0,0,0,0,None
15727656,ADVOCATE,2,1,0,Female,True,,0,0,0,0,0,0,Associate
31242382,ADVOCATE,2,0,1,Male,True,,0,0,0,0,0,0,Associate
29173771,ADVOCATE,1,0,0,None,True,,0,0,7,0,0,0,High school
19108760,ADVOCATE,4,0,0,None,True,US,0,0,1,0,0,0,Master
14708590,ADVOCATE,3,0,0,None,True,US,0,0,0,0,0,0,Bachelor
77439230,ADVOCATE,3,1,0,Female,True,,0,0,1,0,0,0,Bachelor
40088790,ADVOCATE,3,1,0,Female,True,Philippines,0,0,0,0,0,0,Bachelor
22042181,ADVOCATE,1,0,0,None,True,,0,0,0,0,0,0,High school
29415426,ADVOCATE,3,0,0,None,True,,0,0,0,0,0,0,Bachelor
37333719,ADVOCATE,4,0,0,None,True,,0,0,0,0,0,0,Master
15313140,ADVOCATE,4,0,2,Male,True,US,0,0,0,0,0,0,Master
13072354,ADVOCATE,3,2,1,Female,True,UK,0,0,0,0,0,0,Bachelor
20544228,ADVOCATE,3,0,0,None,True,,0,0,0,0,0,0,Bachelor
30741799,ADVOCATE,4,0,0,None,True,,0,0,6,0,0,0,Master
17847636,ADVOCATE,0,0,0,None,True,,0,0,0,0,0,0,None
80503242,ADVOCATE,4,0,0,None,False,,0,0,0,0,0,0,Master
26456474,ADVOCATE,2,0,0,None,True,US,0,0,3,0,0,0,Associate
10818478,ADVOCATE,1,0,0,None,True,,0,0,0,0,0,0,High school
24124250,ADVOCATE,2,0,0,None,True,,0,0,0,0,0,0,Associate
37640804,ADVOCATE,3,0,0,None,True,US,0,0,0,0,0,0,Bachelor
27182111,ADVOCATE,4,1,0,Female,True,,0,0,0,0,0,0,Master
11174187,ADVOCATE,1,1,1,None,True,,0,0,1,0,0,0,High school
47133747,ADVOCATE,3,0,0,None,True,,0,0,0,0,0,0,Bachelor
10659182,ADVOCATE,3,0,0,None,True,,0,0,0,0,0,1,Bachelor
35344611,ADVOCATE,3,0,0,None,True,,0,0,0,0,0,0,Bachelor
13342150,ADVOCATE,3,0,0,None,True,,0,0,0,0,0,0,Bachelor
28111403,ADVOCATE,4,0,0,None,True,,0,0,4,0,0,0,Master
34327438,ADVOCATE,3,0,0,None,False,India,4,0,1,0,0,0,Bachelor
15958967,ADVOCATE,5,0,0,None,True,,0,0,1,0,0,0,PhD
13115648,ADVOCATE,2,2,2,None,True,,0,0,1,0,0,0,Associate
46772262,ADVOCATE,4,1,0,Female,True,,0,0,0,0,0,0,Master
38059130,ADVOCATE,4,0,0,None,True,,0,0,0,0,0,0,Master
24695561,ADVOCATE,3,0,0,None,True,US,0,0,1,0,0,0,Bachelor
93512385,ADVOCATE,0,0,0,None,True,,0,0,0,0,0,0,None
38698573,ADVOCATE,1,0,0,None,True,,0,0,0,0,0,0,High school
18090899,ADVOCATE,3,0,2,Male,True,,0,0,0,0,0,0,Bachelor
23804341,ADVOCATE,2,0,0,None,True,,0,0,0,0,0,0,Associate
29177904,ADVOCATE,4,0,0,None,True,,0,0,0,0,0,0,Master
17911230,ADVOCATE,3,1,0,Female,True,,0,0,0,0,0,0,Bachelor
19926135,ADVOCATE,3,0,0,None,True,US,0,0,0,0,0,0,Bachelor
44115326,ADVOCATE,0,0,0,None,True,,0,0,1,0,0,0,None
75435017,ADVOCATE,2,0,0,None,True,,0,0,0,0,0,0,Associate
19234823,ADVOCATE,3,0,0,None,True,,0,0,0,0,0,0,Bachelor
13809698,ADVOCATE,4,0,0,None,True,,0,0,0,0,0,0,Master
17254634,ADVOCATE,2,0,0,None,True,,0,0,0,0,0,0,Associate
28871170,ADVOCATE,0,0,0,None,True,,7,0,2,0,0,9,None
24946537,ADVOCATE,0,0,0,None,True,,0,0,0,1,0,0,None
28635795,ADVOCATE,3,1,1,None,True,India,0,0,2,0,0,0,Bachelor
24763208,ADVOCATE,3,0,0,None,True,,0,0,10,0,0,1,Bachelor
17165107,ADVOCATE,4,0,0,None,True,,0,0,0,0,0,0,Master
65708020,BUSINESS-DEVELOPMENT,3,0,0,None,True,,0,0,0,0,0,0,Bachelor
36805025,BUSINESS-DEVELOPMENT,3,0,0,None,True,US,0,0,0,0,0,0,Bachelor
13080868,BUSINESS-DEVELOPMENT,3,0,0,None,True,,0,0,0,0,0,0,Bachelor
20748929,BUSINESS-DEVELOPMENT,3,0,0,None,True,US,0,0,0,0,0,0,Bachelor
26581830,BUSINESS-DEVELOPMENT,1,0,0,None,True,,0,0,0,0,0,0,High school
38688388,BUSINESS-DEVELOPMENT,3,0,0,None,True,,0,0,0,0,0,0,Bachelor
25397102,BUSINESS-DEVELOPMENT,3,0,0,None,True,,0,0,0,0,0,0,Bachelor
12059198,BUSINESS-DEVELOPMENT,4,0,0,None,True,US,0,0,0,0,0,0,Master
10228751,BUSINESS-DEVELOPMENT,3,0,0,None,True,US,0,0,0,0,0,0,Bachelor
61677751,BUSINESS-DEVELOPMENT,3,0,0,None,True,US;Canada,0,0,0,0,0,0,Bachelor
20553895,BUSINESS-DEVELOPMENT,0,0,0,None,True,,0,0,0,0,0,0,None
18757174,BUSINESS-DEVELOPMENT,0,0,0,None,True,US,0,0,0,0,0,1,None
14726000,BUSINESS-DEVELOPMENT,4,0,0,None,True,,0,0,0,0,0,0,Master
29208172,BUSINESS-DEVELOPMENT,4,0,0,None,True,,0,0,0,0,0,0,Master
40792022,BUSINESS-DEVELOPMENT,4,0,0,None,True,,0,0,0,0,0,0,Master
17095812,BUSINESS-DEVELOPMENT,1,0,0,None,True,,0,0,0,0,0,0,High school
27850777,BUSINESS-DEVELOPMENT,3,0,0,None,True,US,0,0,0,0,0,0,Bachelor
90629382,BUSINESS-DEVELOPMENT,0,0,0,None,True,,0,0,0,0,0,0,None
34797369,BUSINESS-DEVELOPMENT,3,0,0,None,True,US,0,0,0,0,0,0,Bachelor
98379112,BUSINESS-DEVELOPMENT,3,0,0,None,True,,0,0,0,0,0,0,Bachelor
37521676,BUSINESS-DEVELOPMENT,3,0,0,None,True,,0,0,0,0,0,0,Bachelor
10501991,BUSINESS-DEVELOPMENT,5,0,2,Male,True,,0,0,0,0,0,0,PhD
18293620,BUSINESS-DEVELOPMENT,3,0,0,None,True,,0,0,0,0,0,0,Bachelor
19557384,BUSINESS-DEVELOPMENT,4,0,0,None,False,,0,0,1,0,0,0,Master
15423153,BUSINESS-DEVELOPMENT,4,0,0,None,True,,0,0,0,0,0,0,Master
20357858,BUSINESS-DEVELOPMENT,0,0,0,None,True,,0,0,0,0,0,0,None
12546838,BUSINESS-DEVELOPMENT,4,0,0,None,False,US;India,1,0,0,0,0,0,Master
24647386,BUSINESS-DEVELOPMENT,3,0,0,None,True,,0,0,0,0,0,0,Bachelor
23568641,BUSINESS-DEVELOPMENT,3,0,0,None,True,,0,0,0,0,0,0,Bachelor
22423839,BUSINESS-DEVELOPMENT,0,0,0,None,True,,0,0,0,0,0,0,None
19738730,BUSINESS-DEVELOPMENT,0,0,0,None,True,,0,0,0,0,0,0,None
32531824,BUSINESS-DEVELOPMENT,3,0,0,None,True,,0,0,0,0,0,0,Bachelor
34046031,BUSINESS-DEVELOPMENT,4,0,0,None,True,,1,0,0,0,0,0,Master
14825300,BUSINESS-DEVELOPMENT,4,0,0,None,True,US,0,0,0,1,0,0,Master
37391947,BUSINESS-DEVELOPMENT,2,0,0,None,True,,0,0,0,0,0,0,Associate
26896699,BUSINESS-DEVELOPMENT,3,0,0,None,True,,0,0,0,0,0,0,Bachelor
11289482,BUSINESS-DEVELOPMENT,0,0,0,None,True,,0,0,1,0,0,0,None
29908929,BUSINESS-DEVELOPMENT,3,0,0,None,True,US,0,0,0,0,0,0,Bachelor
10704573,BUSINESS-DEVELOPMENT,3,0,0,None,True,,0,0,0,0,0,0,Bachelor
14990354,BUSINESS-DEVELOPMENT,3,0,0,None,True,,0,0,0,0,0,0,Bachelor
24964303,BUSINESS-DEVELOPMENT,4,0,0,None,True,US,0,0,0,0,0,0,Master
82118447,BUSINESS-DEVELOPMENT,5,0,0,None,True,US,0,0,2,0,0,0,PhD
18236085,BUSINESS-DEVELOPMENT,3,0,0,None,True,,0,0,0,0,0,0,Bachelor
29825044,BUSINESS-DEVELOPMENT,3,0,0,None,False,,0,0,0,0,0,0,Bachelor
77576845,BUSINESS-DEVELOPMENT,3,0,0,None,True,,0,0,0,0,0,0,Bachelor
39237915,BUSINESS-DEVELOPMENT,4,0,0,None,True,,0,0,0,0,0,0,Master
28916894,BUSINESS-DEVELOPMENT,4,0,0,None,True,UK,0,0,1,0,0,0,Master
26278597,BUSINESS-DEVELOPMENT,3,0,0,None,True,US;UK,0,0,1,0,0,0,Bachelor
80275976,BUSINESS-DEVELOPMENT,3,0,0,None,True,,0,0,0,2,0,0,Bachelor
11088337,BUSINESS-DEVELOPMENT,3,0,4,Male,True,,0,0,0,0,0,0,Bachelor
23396633,BUSINESS-DEVELOPMENT,4,0,0,None,True,Germany,0,0,0,0,0,0,Master
12814706,BUSINESS-DEVELOPMENT,2,0,0,None,True,US,0,0,0,0,0,0,Associate
39875803,BUSINESS-DEVELOPMENT,3,0,0,None,True,US,0,0,0,0,0,0,Bachelor
30938994,BUSINESS-DEVELOPMENT,3,0,1,Male,True,,0,0,0,0,0,0,Bachelor
16694152,BUSINESS-DEVELOPMENT,3,0,0,None,True,,0,0,0,0,0,0,Bachelor
15233524,BUSINESS-DEVELOPMENT,4,1,0,Female,True,,0,0,0,0,0,0,Master
81310245,BUSINESS-DEVELOPMENT,3,0,0,None,True,UK,0,0,0,0,0,0,Bachelor
22025574,BUSINESS-DEVELOPMENT,4,0,0,None,True,US;India,0,0,0,0,0,0,Master
13888506,BUSINESS-DEVELOPMENT,3,0,0,None,True,US,0,0,0,1,0,0,Bachelor
79759716,BUSINESS-DEVELOPMENT,0,0,0,None,True,,0,0,0,0,0,0,None
10541358,BUSINESS-DEVELOPMENT,2,0,0,None,True,,0,0,0,0,0,0,Associate
31638814,BUSINESS-DEVELOPMENT,3,0,1,Male,True,US,0,0,0,0,0,0,Bachelor
25370801,BUSINESS-DEVELOPMENT,3,0,0,None,True,,0,0,0,0,0,0,Bachelor
27796199,BUSINESS-DEVELOPMENT,3,0,0,None,True,,0,0,0,0,0,0,Bachelor
10289113,BUSINESS-DEVELOPMENT,3,0,0,None,True,,0,0,0,0,0,0,Bachelor
27219200,BUSINESS-DEVELOPMENT,3,0,0,None,True,,0,0,0,0,0,0,Bachelor
10235211,BUSINESS-DEVELOPMENT,3,0,0,None,True,US,0,0,0,0,0,1,Bachelor
14287992,BUSINESS-DEVELOPMENT,4,0,0,None,True,Nigeria,0,0,0,0,0,0,Master
47067533,BUSINESS-DEVELOPMENT,3,0,0,None,True,,0,0,0,0,0,0,Bachelor
14241621,BUSINESS-DEVELOPMENT,2,0,0,None,True,,0,0,1,0,0,0,Associate
27213082,BUSINESS-DEVELOPMENT,4,0,0,None,True,US,0,0,0,0,0,0,Master
31813535,BUSINESS-DEVELOPMENT,4,0,0,None,True,US,0,0,1,0,0,0,Master
17115815,BUSINESS-DEVELOPMENT,0,0,0,None,True,,0,0,0,0,0,0,None
20317319,BUSINESS-DEVELOPMENT,0,0,0,None,True,,0,0,0,0,0,0,None
38007664,BUSINESS-DEVELOPMENT,0,0,0,None,True,US,0,0,0,0,0,1,None
24412546,BUSINESS-DEVELOPMENT,3,0,0,None,True,,0,0,2,0,0,0,Bachelor
29014805,BUSINESS-DEVELOPMENT,4,0,0,None,True,,7,0,0,0,0,0,Master
12377803,BUSINESS-DEVELOPMENT,4,0,0,None,True,,0,0,0,0,0,0,Master
32385553,BUSINESS-DEVELOPMENT,1,0,0,None,True,US,0,0,0,0,0,0,High school
13199813,BUSINESS-DEVELOPMENT,3,1,1,None,True,US,3,0,0,0,0,0,Bachelor
11551946,BUSINESS-DEVELOPMENT,4,0,0,None,True,Canada,0,0,0,0,0,0,Master
22765255,BUSINESS-DEVELOPMENT,4,0,0,None,True,UK;China,1,0,0,0,0,0,Master
20427934,BUSINESS-DEVELOPMENT,3,1,0,Female,True,US,0,0,0,0,0,0,Bachelor
35673335,BUSINESS-DEVELOPMENT,3,0,0,None,True,Canada,0,0,0,0,0,0,Bachelor
16846478,BUSINESS-DEVELOPMENT,3,0,0,None,True,,0,0,0,0,0,0,Bachelor
89197180,BUSINESS-DEVELOPMENT,3,0,0,None,True,,0,0,0,0,0,0,Bachelor
36574147,BUSINESS-DEVELOPMENT,3,0,0,None,True,,0,0,0,0,0,0,Bachelor
27004930,BUSINESS-DEVELOPMENT,3,0,0,None,True,US,0,0,0,1,0,0,Bachelor
12230301,BUSINESS-DEVELOPMENT,0,0,0,None,True,,3,0,0,0,0,0,None
59696315,BUSINESS-DEVELOPMENT,2,0,0,None,True,,0,0,0,0,0,0,Associate
20633855,BUSINESS-DEVELOPMENT,0,0,0,None,True,UK;Philippines,0,0,0,0,0,0,None
18311419,BUSINESS-DEVELOPMENT,3,0,0,None,True,,0,0,0,0,0,0,Bachelor
16091352,BUSINESS-DEVELOPMENT,4,0,0,None,True,,0,0,2,2,0,4,Master
27375577,BUSINESS-DEVELOPMENT,3,0,0,None,True,US;UK;China,0,0,0,0,0,0,Bachelor
25813953,BUSINESS-DEVELOPMENT,1,0,0,None,True,US,0,0,0,0,0,0,High school
76916835,BUSINESS-DEVELOPMENT,3,0,0,None,True,,0,0,1,0,0,0,Bachelor
17730889,BUSINESS-DEVELOPMENT,3,0,0,None,True,US,0,0,0,0,0,0,Bachelor
67501448,BUSINESS-DEVELOPMENT,4,0,0,None,True,,0,0,0,0,0,0,Master
17421910,BUSINESS-DEVELOPMENT,4,0,0,None,True,,0,0,0,0,0,0,Master
12632728,BUSINESS-DEVELOPMENT,0,0,0,None,False,,0,0,0,0,0,0,None
91467795,BUSINESS-DEVELOPMENT,3,0,0,None,True,US,0,0,0,0,0,0,Bachelor
13574264,BUSINESS-DEVELOPMENT,3,1,1,None,True,,0,0,0,0,0,0,Bachelor
27139412,BUSINESS-DEVELOPMENT,0,0,0,None,True,,0,0,0,0,0,0,None
14070138,BUSINESS-DEVELOPMENT,3,0,0,None,True,US,0,0,0,0,0,0,Bachelor
15811992,BUSINESS-DEVELOPMENT,4,0,0,None,True,,0,0,3,1,0,0,Master
14871762,BUSINESS-DEVELOPMENT,4,0,0,None,True,India,0,0,0,0,0,0,Master
17597372,BUSINESS-DEVELOPMENT,3,0,0,None,True,,0,0,0,0,0,0,Bachelor
18937778,BUSINESS-DEVELOPMENT,3,0,0,None,True,US;India;Germany,1,0,1,0,0,0,Bachelor
14861855,BUSINESS-DEVELOPMENT,4,0,0,None,True,US,0,0,0,0,0,0,Master
36170003,BUSINESS-DEVELOPMENT,3,0,0,None,True,UK,0,0,0,0,0,0,Bachelor
27937592,BUSINESS-DEVELOPMENT,2,0,0,None,True,,0,0,0,0,0,0,Associate
16519708,BUSINESS-DEVELOPMENT,4,0,0,None,True,,1,0,0,0,0,0,Master
17602815,BUSINESS-DEVELOPMENT,3,0,0,None,True,,0,0,0,0,0,0,Bachelor
28337049,BUSINESS-DEVELOPMENT,3,0,0,None,True,,0,0,0,0,0,0,Bachelor
33424600,BUSINESS-DEVELOPMENT,3,0,0,None,True,US,0,0,0,0,0,0,Bachelor
32042584,BUSINESS-DEVELOPMENT,3,0,0,None,True,,0,0,0,0,0,0,Bachelor
14752209,BUSINESS-DEVELOPMENT,1,0,0,None,True,Canada,0,0,0,0,0,0,High school
31273310,BUSINESS-DEVELOPMENT,4,0,0,None,True,,0,0,0,0,0,0,Master
14055971,BUSINESS-DEVELOPMENT,1,0,0,None,True,,0,0,0,0,0,0,High school
95382114,BUSINESS-DEVELOPMENT,3,0,0,None,True,US,0,0,0,0,0,0,Bachelor
23617240,HEALTHCARE,3,11,0,Female,True,India,0,0,1,0,0,2,Bachelor
23138078,HEALTHCARE,4,0,0,None,True,US,0,0,0,0,0,0,Master
51777546,HEALTHCARE,4,0,0,None,True,,0,0,0,0,0,0,Master
69199666,HEALTHCARE,3,0,0,None,True,,0,0,3,0,0,0,Bachelor
93988900,HEALTHCARE,1,0,0,None,True,US;China,0,0,1,0,0,0,High school
41910253,HEALTHCARE,3,0,0,None,True,,0,0,0,0,0,0,Bachelor
28670024,HEALTHCARE,4,0,0,None,True,,0,0,2,0,0,0,Master
36625776,HEALTHCARE,4,0,0,None,True,US,0,0,0,0,0,0,Master
96260484,HEALTHCARE,4,0,0,None,True,,0,0,0,0,0,0,Master
11378657,HEALTHCARE,1,1,0,Female,True,,0,0,1,0,0,0,High school
34962725,HEALTHCARE,3,0,0,None,True,US,0,0,0,0,0,0,Bachelor
18365443,HEALTHCARE,4,0,0,None,True,,0,0,0,0,0,0,Master
26125407,HEALTHCARE,4,0,0,None,True,,0,0,0,0,0,0,Master
54934269,HEALTHCARE,4,0,0,None,True,,0,0,0,0,0,4,Master
37374340,HEALTHCARE,1,0,0,None,True,,0,0,0,0,0,0,High school
25328428,HEALTHCARE,1,0,0,None,True,US,0,0,0,0,0,0,High school
56520872,HEALTHCARE,4,0,0,None,True,,0,0,0,0,0,0,Master
23944036,HEALTHCARE,4,0,0,None,True,,0,0,0,0,0,0,Master
19090468,HEALTHCARE,3,0,0,None,True,,0,0,0,0,0,0,Bachelor
16132195,HEALTHCARE,1,0,0,None,True,,0,0,0,0,0,0,High school
27030979,HEALTHCARE,1,0,1,Male,True,,0,0,0,0,0,0,High school
17960690,HEALTHCARE,3,0,0,None,True,,0,0,0,0,0,0,Bachelor
17624934,HEALTHCARE,4,0,0,None,True,,0,0,5,0,0,0,Master
22008817,HEALTHCARE,4,1,0,Female,True,US;Germany,0,0,0,0,0,0,Master
20835760,HEALTHCARE,4,0,0,None,True,,0,0,1,0,0,0,Master
87520378,HEALTHCARE,1,0,0,None,True,,0,0,0,2,0,0,High school
58879993,HEALTHCARE,3,0,0,None,True,,0,0,0,2,0,0,Bachelor
64471954,HEALTHCARE,1,0,0,None,False,,0,0,0,0,0,0,High school
18714571,HEALTHCARE,1,0,0,None,True,US,0,0,0,0,0,0,High school
20748468,HEALTHCARE,3,0,0,None,True,,0,0,0,0,0,0,Bachelor
98300955,HEALTHCARE,3,0,0,None,True,US;Canada,0,0,1,0,0,0,Bachelor
11653906,HEALTHCARE,4,0,0,None,True,US;India,0,0,0,0,0,0,Master
10466208,HEALTHCARE,3,3,0,Female,True,UK,0,0,0,0,0,0,Bachelor
13352113,HEALTHCARE,1,0,0,None,True,,0,0,0,0,0,0,High school
20110597,HEALTHCARE,1,0,0,None,True,US,0,0,0,0,0,0,High school
20211577,HEALTHCARE,1,0,0,None,True,,0,0,0,0,0,0,High school
12315079,HEALTHCARE,3,0,0,None,True,,0,0,0,0,0,0,Bachelor
10480456,HEALTHCARE,5,0,0,None,True,,0,0,0,0,0,1,PhD
75297735,HEALTHCARE,4,1,0,Female,True,,0,0,0,1,0,0,Master
49325370,HEALTHCARE,0,0,0,None,True,US,0,0,0,0,0,0,None
21866029,HEALTHCARE,4,0,0,None,True,,0,0,0,0,0,0,Master
14667957,HEALTHCARE,4,0,0,None,True,,0,0,0,0,0,0,Master
10062724,HEALTHCARE,4,1,1,None,True,,0,1,3,0,0,1,Master
43994605,HEALTHCARE,3,0,0,None,True,,0,0,0,0,0,3,Bachelor
23814777,HEALTHCARE,2,0,0,None,True,,0,0,0,0,0,0,Associate
28745844,HEALTHCARE,0,0,0,None,True,,0,0,0,0,0,0,None
17864043,HEALTHCARE,3,0,0,None,True,,0,0,0,0,0,0,Bachelor
16121387,HEALTHCARE,4,0,0,None,True,,0,0,0,0,0,0,Master
10076271,HEALTHCARE,4,0,0,None,True,US,1,0,1,0,0,0,Master
80876647,HEALTHCARE,1,0,0,None,True,,0,0,0,0,0,0,High school
36861863,HEALTHCARE,3,0,0,None,True,US,0,0,0,0,0,0,Bachelor
24025053,HEALTHCARE,4,0,0,None,True,India,0,0,0,0,0,0,Master
17545780,HEALTHCARE,0,0,0,None,True,,0,0,2,0,0,0,None
95011061,HEALTHCARE,3,0,0,None,True,,0,0,0,0,0,1,Bachelor
13565152,HEALTHCARE,3,0,0,None,True,,0,0,0,0,0,0,Bachelor
75744306,HEALTHCARE,2,0,0,None,True,US,0,0,1,1,0,0,Associate
26908066,HEALTHCARE,3,0,0,None,True,,0,0,0,0,0,0,Bachelor
11704150,HEALTHCARE,2,0,0,None,True,,0,0,0,0,0,0,Associate
27917969,HEALTHCARE,4,0,0,None,True,,0,0,0,0,0,0,Master
12613221,HEALTHCARE,3,0,0,None,True,,0,0,0,0,0,0,Bachelor
15680735,HEALTHCARE,4,0,0,None,True,US,0,0,0,0,0,0,Master
13575312,HEALTHCARE,4,0,0,None,True,India,0,0,1,0,0,0,Master
15636923,HEALTHCARE,1,0,0,None,True,US,0,0,0,0,0,1,High school
14062078,HEALTHCARE,1,0,0,None,True,,0,0,0,0,0,0,High school
37001381,HEALTHCARE,3,0,0,None,True,,0,0,0,0,0,0,Bachelor
32219038,HEALTHCARE,3,0,0,None,True,,0,0,0,0,0,0,Bachelor
10251432,HEALTHCARE,1,0,0,None,True,,0,0,0,0,0,0,High school
28423028,HEALTHCARE,0,0,0,None,True,,0,0,0,0,0,1,None
46349752,HEALTHCARE,1,0,0,None,True,,0,0,0,0,0,0,High school
26958533,HEALTHCARE,2,0,0,None,True,US,0,0,0,0,0,0,Associate
23110214,HEALTHCARE,4,0,2,Male,True,India,0,0,2,0,0,0,Master
17963031,HEALTHCARE,4,0,0,None,True,,0,0,0,0,0,0,Master
60624892,HEALTHCARE,4,0,0,None,True,,0,0,0,0,0,0,Master
23918545,HEALTHCARE,2,0,0,None,True,,0,0,0,0,0,0,Associate
20172393,HEALTHCARE,3,0,0,None,True,,0,0,0,0,0,0,Bachelor
39082090,HEALTHCARE,4,0,0,None,False,,0,0,0,0,0,0,Master
98309114,HEALTHCARE,4,0,0,None,True,,0,0,1,0,0,0,Master
16702198,HEALTHCARE,3,0,0,None,True,,0,0,0,0,0,0,Bachelor
45907524,HEALTHCARE,3,0,0,None,True,,0,0,8,0,0,0,Bachelor
12333703,HEALTHCARE,0,0,0,None,True,US,0,0,0,0,0,0,None
15499825,HEALTHCARE,2,0,1,Male,True,,0,0,0,0,0,0,Associate
85417107,HEALTHCARE,4,0,0,None,True,US,0,0,0,0,0,0,Master
33750209,HEALTHCARE,3,0,0,None,True,,0,0,5,0,0,0,Bachelor
24548333,HEALTHCARE,3,0,0,None,True,,0,0,0,0,0,0,Bachelor
16356151,HEALTHCARE,3,0,0,None,True,,0,0,0,0,0,0,Bachelor
20736486,HEALTHCARE,2,0,0,None,True,,0,0,0,0,0,0,Associate
18784594,HEALTHCARE,4,0,0,None,True,,0,0,0,0,0,0,Master
85421438,HEALTHCARE,3,0,0,None,True,,0,0,0,0,0,0,Bachelor
33803142,HEALTHCARE,3,0,0,None,True,,0,0,0,0,0,0,Bachelor
47996197,HEALTHCARE,3,0,0,None,True,Canada,0,0,0,0,0,0,Bachelor
11605833,HEALTHCARE,3,0,0,None,False,,0,0,0,0,0,0,Bachelor
25451319,HEALTHCARE,3,0,0,None,True,,0,0,0,0,0,0,Bachelor
91478356,HEALTHCARE,1,0,0,None,True,,0,0,0,0,0,0,High school
29134372,HEALTHCARE,3,0,0,None,True,US;UK,0,0,4,0,0,0,Bachelor
35579812,HEALTHCARE,3,0,0,None,True,,0,0,0,0,0,0,Bachelor
12938200,HEALTHCARE,4,0,0,None,True,,0,0,0,0,0,1,Master
31926950,HEALTHCARE,3,2,0,Female,True,,0,0,1,1,0,0,Bachelor
32563518,HEALTHCARE,4,0,0,None,True,UK,0,0,0,0,0,0,Master
29992154,HEALTHCARE,2,0,0,None,True,,0,0,1,0,0,0,Associate
25974844,HEALTHCARE,3,0,0,None,True,,0,0,0,0,0,0,Bachelor
18129173,HEALTHCARE,3,0,0,None,True,US,0,0,1,0,0,0,Bachelor
26585242,HEALTHCARE,4,0,0,None,True,,0,0,1,1,0,0,Master
26695839,HEALTHCARE,4,0,0,None,True,,0,0,0,0,0,0,Master
10568183,HEALTHCARE,3,0,0,None,True,US,0,0,0,0,0,0,Bachelor
24550866,HEALTHCARE,4,0,0,None,True,,0,0,0,0,0,0,Master
34594746,HEALTHCARE,1,0,0,None,True,,0,0,0,0,0,0,High school
25834360,HEALTHCARE,3,0,0,None,True,,0,0,0,0,0,1,Bachelor
27090089,HEALTHCARE,3,0,0,None,True,,0,0,0,1,0,0,Bachelor
35422305,HEALTHCARE,4,0,0,None,True,,0,0,0,0,0,0,Master
18484846,HEALTHCARE,1,0,0,None,True,,0,0,0,0,0,0,High school
18949843,HEALTHCARE,3,0,0,None,True,,0,0,0,0,0,0,Bachelor
17539842,HEALTHCARE,4,0,0,None,True,,0,0,2,0,0,4,Master
36868767,HEALTHCARE,4,0,0,None,True,,0,0,0,0,0,0,Master
97169343,HEALTHCARE,1,0,0,None,True,,0,0,0,0,0,0,High school
31395710,HEALTHCARE,3,0,0,None,True,,0,0,0,0,0,0,Bachelor
17576030,FITNESS,0,0,1,Male,True,,0,0,2,0,0,1,None
24444525,FITNESS,4,0,0,None,True,,0,0,0,0,0,0,Master
10268614,FITNESS,4,1,0,Female,True,US,0,0,2,0,0,0,Master
29792535,FITNESS,4,0,0,None,True,US,0,0,0,0,0,0,Master
15932017,FITNESS,1,0,0,None,True,,0,0,0,0,0,0,High school
23063986,FITNESS,3,0,0,None,True,,0,0,3,0,0,0,Bachelor
10816645,FITNESS,3,0,0,None,True,,0,0,2,0,0,0,Bachelor
11522068,FITNESS,0,1,0,Female,False,,0,0,2,1,0,0,None
10568350,FITNESS,1,0,0,None,True,,0,0,0,0,0,0,High school
18767449,FITNESS,3,0,0,None,True,,0,0,0,4,0,0,Bachelor
20457611,FITNESS,4,0,0,None,True,,0,0,0,0,0,0,Master
54259150,FITNESS,3,0,0,None,True,US,0,0,0,0,0,0,Bachelor
67032711,FITNESS,3,1,0,Female,True,US,0,0,0,0,0,0,Bachelor
12019284,FITNESS,4,2,0,Female,True,,0,0,0,0,0,0,Master
38650096,FITNESS,3,0,0,None,True,US,0,0,0,0,0,0,Bachelor
32651555,FITNESS,1,0,2,Male,True,,0,0,0,0,0,0,High school
55746506,FITNESS,3,0,0,None,True,UK,0,0,0,0,0,0,Bachelor
10235429,FITNESS,4,0,0,None,True,,0,0,0,0,0,0,Master
30757456,FITNESS,3,1,1,None,True,US;UK,0,0,1,0,0,1,Bachelor
19037403,FITNESS,2,0,0,None,True,US,0,0,1,0,0,0,Associate
32636041,FITNESS,4,0,0,None,True,,0,0,0,0,0,1,Master
27974588,FITNESS,3,0,0,None,True,,0,0,0,0,0,0,Bachelor
24251588,FITNESS,3,0,0,None,True,,0,0,1,0,0,0,Bachelor
97123005,FITNESS,3,0,0,None,True,,0,0,0,0,0,0,Bachelor
38642923,FITNESS,4,0,0,None,True,US,0,0,0,0,0,0,Master
39805617,FITNESS,3,0,0,None,True,,0,0,0,0,0,1,Bachelor
20565486,FITNESS,4,0,0,None,True,,0,0,0,0,0,0,Master
28669770,FITNESS,3,1,1,None,True,,0,0,0,0,0,0,Bachelor
17660419,FITNESS,4,0,0,None,False,,0,0,0,0,0,0,Master
22855060,FITNESS,1,0,0,None,True,,0,0,0,0,0,0,High school
17163375,FITNESS,3,1,0,Female,True,,0,0,2,0,0,0,Bachelor
35302620,FITNESS,3,0,0,None,True,US,0,0,0,0,0,0,Bachelor
19599699,FITNESS,3,0,1,Male,True,,0,0,0,1,0,0,Bachelor
17286050,FITNESS,4,0,0,None,True,,0,0,0,0,0,0,Master
15293959,FITNESS,4,0,0,None,True,,0,0,6,0,0,0,Master
10428916,FITNESS,3,0,0,None,True,,0,0,0,0,0,0,Bachelor
52684666,FITNESS,3,2,0,Female,True,,0,0,0,0,0,0,Bachelor
19774173,FITNESS,2,0,0,None,True,US,0,0,0,0,0,0,Associate
23011221,FITNESS,3,0,0,None,True,,0,0,3,0,0,0,Bachelor
13367322,FITNESS,1,0,0,None,True,,2,0,0,0,0,0,High school
16038911,FITNESS,1,0,0,None,False,,0,0,0,0,0,0,High school
30990885,FITNESS,3,0,0,None,True,,0,0,2,2,0,0,Bachelor
12923795,FITNESS,0,0,0,None,True,US,0,0,0,0,0,0,None
20279756,FITNESS,3,0,1,Male,True,,0,0,0,0,0,0,Bachelor
25838512,FITNESS,3,0,0,None,True,,0,0,0,0,0,0,Bachelor
17431847,FITNESS,3,0,1,Male,True,US,0,0,0,0,0,0,Bachelor
28321954,FITNESS,1,0,0,None,True,,0,0,0,0,0,0,High school
11332602,FITNESS,3,0,0,None,True,,0,0,0,0,0,0,Bachelor
17166018,FITNESS,0,0,0,None,True,China,0,0,2,0,0,0,None
29573698,FITNESS,2,0,0,None,True,,0,0,0,0,0,0,Associate
95769832,FITNESS,0,0,0,None,True,,0,0,0,0,0,0,None
89858892,FITNESS,1,0,0,None,True,,0,0,0,0,0,0,High school
22488036,FITNESS,4,0,0,None,True,India,0,0,0,0,0,0,Master
22093368,FITNESS,3,0,0,None,True,US,0,0,0,0,0,0,Bachelor
31042953,FITNESS,3,0,0,None,True,US,0,0,0,0,0,0,Bachelor
24994145,FITNESS,3,0,0,None,True,,0,0,0,0,0,0,Bachelor
56286525,FITNESS,4,0,0,None,True,,0,0,1,0,0,0,Master
32517106,FITNESS,4,0,0,None,True,,0,0,0,0,0,0,Master
38108845,FITNESS,3,0,0,None,True,,0,0,0,0,0,0,Bachelor
28172023,FITNESS,0,0,0,None,True,,0,1,1,0,1,0,None
45656814,FITNESS,3,0,0,None,True,,0,0,12,1,0,0,Bachelor
24767027,FITNESS,4,0,0,None,True,US,0,0,0,0,0,0,Master
25507648,FITNESS,1,0,0,None,True,,0,0,0,0,0,0,High school
17915015,FITNESS,4,3,0,Female,True,,0,0,0,2,0,0,Master
36139251,FITNESS,0,0,0,None,True,,0,0,0,0,0,0,None
16474898,FITNESS,4,0,0,None,True,US,0,0,0,0,0,1,Master
25482567,FITNESS,4,0,0,None,True,,0,0,0,0,0,0,Master
29165698,FITNESS,0,0,0,None,True,,0,0,0,0,0,0,None
27084878,FITNESS,2,0,0,None,True,,0,0,0,0,0,0,Associate
26459032,FITNESS,4,0,0,None,False,,0,0,0,0,0,0,Master
70603826,FITNESS,4,0,0,None,True,,0,0,0,1,0,0,Master
95085510,FITNESS,4,0,0,None,True,US,0,0,0,0,0,0,Master
21238396,FITNESS,3,0,0,None,True,US,0,1,2,0,0,0,Bachelor
20255404,FITNESS,3,0,0,None,True,,0,0,0,0,0,0,Bachelor
69666645,FITNESS,2,0,0,None,True,US,0,0,0,0,0,0,Associate
19938081,FITNESS,2,0,0,None,True,,0,0,0,0,0,0,Associate
12092347,FITNESS,1,0,0,None,False,,0,0,0,0,0,0,High school
62870550,FITNESS,2,0,0,None,True,,0,0,0,0,0,0,Associate
76530505,FITNESS,3,0,0,None,True,,0,0,8,0,0,0,Bachelor
10333051,FITNESS,4,0,0,None,True,,0,0,0,0,0,0,Master
29319314,FITNESS,4,0,0,None,True,UK,0,0,0,0,0,0,Master
77266989,FITNESS,4,0,0,None,True,,0,0,0,0,0,0,Master
59487170,FITNESS,3,0,0,None,True,,0,0,0,0,0,0,Bachelor
24219583,FITNESS,3,3,3,None,True,,0,0,0,2,0,0,Bachelor
27397245,FITNESS,1,0,0,None,True,,0,0,0,0,0,0,High school
29425788,FITNESS,4,1,0,Female,False,UK,0,0,0,0,0,0,Master
11130200,FITNESS,1,0,0,None,True,,0,0,0,0,0,0,High school
10969918,FITNESS,1,0,0,None,True,,0,0,0,0,0,0,High school
21178545,FITNESS,5,0,0,None,True,,0,0,0,0,0,0,PhD
12938389,FITNESS,1,0,0,None,True,,0,0,0,0,0,0,High school
57575888,FITNESS,4,1,1,None,True,,0,0,0,0,0,0,Master
37087824,FITNESS,3,0,0,None,True,,0,0,0,0,0,0,Bachelor
21122155,FITNESS,4,1,1,None,True,,0,0,0,0,0,0,Master
24708621,FITNESS,3,0,0,None,True,,0,0,0,0,0,0,Bachelor
27903191,FITNESS,3,2,2,None,True,,0,0,0,0,0,0,Bachelor
24905947,FITNESS,3,0,0,None,True,,0,0,0,0,0,0,Bachelor
75156649,FITNESS,0,0,0,None,True,,0,0,0,0,0,0,None
96761538,FITNESS,0,0,0,None,True,US,0,0,1,0,0,0,None
19975121,FITNESS,3,0,0,None,True,,0,0,0,0,0,0,Bachelor
12695799,FITNESS,3,0,0,None,False,,0,0,0,0,0,0,Bachelor
14515954,FITNESS,4,0,0,None,True,,0,0,0,0,0,0,Master
13675377,FITNESS,3,0,0,None,True,,0,0,0,0,0,0,Bachelor
34151183,FITNESS,3,0,0,None,True,,0,0,0,0,0,0,Bachelor
16605352,FITNESS,2,0,0,None,True,US,0,0,1,4,0,0,Associate
34792238,FITNESS,3,0,0,None,True,,0,0,0,0,0,0,Bachelor
23004695,FITNESS,3,0,0,None,True,,0,0,0,0,0,0,Bachelor
35164503,FITNESS,3,0,0,None,True,,0,0,0,0,0,0,Bachelor
63282405,FITNESS,3,0,0,None,True,,0,0,5,0,0,0,Bachelor
31556198,FITNESS,1,0,0,None,True,,0,0,0,0,0,0,High school
12791244,FITNESS,3,0,0,None,True,US,0,0,0,0,0,0,Bachelor
14107571,FITNESS,3,0,0,None,True,US,0,0,0,0,0,0,Bachelor
17658471,FITNESS,3,0,0,None,True,US,0,0,2,0,0,0,Bachelor
80000092,FITNESS,2,0,0,None,True,,0,0,0,0,0,0,Associate
13037145,FITNESS,0,0,0,None,True,,1,0,0,0,0,0,None
23477199,FITNESS,3,0,0,None,True,,0,0,0,0,0,0,Bachelor
29306433,FITNESS,0,0,0,None,True,,0,0,0,0,0,0,None
90365216,FITNESS,2,2,0,Female,True,,0,0,0,0,0,0,Associate
54246169,AGRICULTURE,3,0,0,None,False,US,0,0,2,0,1,0,Bachelor
28165687,AGRICULTURE,4,2,0,Female,True,,0,0,0,1,0,0,Master
21134923,AGRICULTURE,0,0,0,None,True,India;Malaysia,0,0,1,0,0,0,None
37292350,AGRICULTURE,5,0,0,None,True,,0,0,0,0,0,3,PhD
84512719,AGRICULTURE,0,0,0,None,True,,0,0,0,0,0,0,None
21868149,AGRICULTURE,3,0,0,None,True,,0,2,4,0,2,0,Bachelor
37201447,AGRICULTURE,3,0,0,None,True,US,0,0,0,0,0,0,Bachelor
29897742,AGRICULTURE,3,0,0,None,True,US,0,0,0,0,0,0,Bachelor
55500538,AGRICULTURE,3,0,0,None,True,India,0,0,0,0,0,0,Bachelor
15053703,AGRICULTURE,3,0,0,None,True,,0,0,1,0,0,0,Bachelor
15603319,AGRICULTURE,4,0,0,None,True,US,0,0,1,0,0,0,Master
69336473,AGRICULTURE,4,0,0,None,True,,0,0,0,0,0,0,Master
18242317,AGRICULTURE,4,0,0,None,True,US,0,0,1,0,0,0,Master
30437583,AGRICULTURE,4,0,3,Male,True,,0,0,0,0,0,0,Master
14140903,AGRICULTURE,5,0,0,None,True,US;UK;Nigeria,0,0,0,0,0,0,PhD
17312146,AGRICULTURE,3,0,0,None,True,,0,0,0,0,0,0,Bachelor
29746235,AGRICULTURE,3,0,0,None,True,,0,0,0,0,0,0,Bachelor
62994611,AGRICULTURE,4,0,0,None,True,,0,0,0,0,0,0,Master
38216888,AGRICULTURE,2,0,0,None,True,,0,0,0,0,0,0,Associate
19851252,AGRICULTURE,3,0,0,None,True,,0,0,0,0,0,0,Bachelor
11813872,AGRICULTURE,4,0,0,None,True,,0,0,1,0,0,0,Master
16849128,AGRICULTURE,2,0,0,None,True,US,0,0,0,0,0,0,Associate
23631188,AGRICULTURE,1,1,1,None,True,,0,0,0,0,0,0,High school
24001783,AGRICULTURE,5,0,0,None,True,US;UK,0,0,0,0,0,0,PhD
12341902,AGRICULTURE,4,1,0,Female,True,,0,0,1,0,0,0,Master
11197262,AGRICULTURE,3,0,0,None,True,,2,0,0,0,0,0,Bachelor
10953078,AGRICULTURE,0,1,0,Female,True,,0,0,0,0,0,0,None
69859102,AGRICULTURE,1,0,0,None,True,,0,0,0,0,0,0,High school
40882926,AGRICULTURE,2,0,0,None,True,,0,0,0,0,0,0,Associate
16653657,AGRICULTURE,4,0,0,None,True,,0,0,0,0,0,0,Master
24397882,AGRICULTURE,3,0,0,None,True,,0,0,0,0,0,0,Bachelor
16172429,AGRICULTURE,3,0,0,None,True,,0,0,0,0,0,0,Bachelor
36102323,AGRICULTURE,0,0,0,None,True,US,0,0,0,0,0,0,None
81042872,AGRICULTURE,4,0,0,None,True,,0,0,0,0,0,0,Master
19532392,AGRICULTURE,3,0,0,None,True,US;Nigeria,0,0,0,0,0,0,Bachelor
34141299,AGRICULTURE,1,0,0,None,False,,0,0,0,0,0,0,High school
89740812,AGRICULTURE,4,0,0,None,True,,0,0,0,0,0,0,Master
20969119,AGRICULTURE,4,0,0,None,True,,0,0,0,0,0,0,Master
27689009,AGRICULTURE,3,0,0,None,True,US,0,0,1,0,0,5,Bachelor
29510501,AGRICULTURE,4,0,0,None,True,,0,0,2,0,0,0,Master
17640785,AGRICULTURE,4,1,0,Female,True,US;UK,0,0,0,0,0,1,Master
29968330,AGRICULTURE,3,0,0,None,True,,0,0,0,0,0,0,Bachelor
28733974,AGRICULTURE,3,0,2,Male,True,US,0,0,0,0,0,0,Bachelor
15546686,AGRICULTURE,3,0,0,None,True,US,0,0,0,0,0,0,Bachelor
56068028,AGRICULTURE,4,0,0,None,True,China,0,0,1,0,0,0,Master
24068423,AGRICULTURE,5,0,0,None,False,India,0,0,0,0,0,0,PhD
12674256,AGRICULTURE,3,0,1,Male,True,US,0,0,0,0,0,0,Bachelor
27888251,AGRICULTURE,3,0,0,None,True,,0,0,0,0,0,0,Bachelor
16507693,AGRICULTURE,1,0,0,None,True,US,0,0,0,0,0,0,High school
55712978,AGRICULTURE,5,0,0,None,False,Malaysia,0,0,1,0,0,0,PhD
26835781,AGRICULTURE,4,0,0,None,True,,0,0,0,0,0,0,Master
26921245,AGRICULTURE,4,0,0,None,True,,0,0,0,0,0,0,Master
20006992,AGRICULTURE,4,0,0,None,True,US,0,0,0,0,0,0,Master
11676151,AGRICULTURE,3,0,0,None,True,US,0,0,0,0,0,1,Bachelor
24416961,AGRICULTURE,4,0,0,None,True,,0,0,0,0,0,0,Master
69360287,AGRICULTURE,4,0,0,None,True,,0,0,0,0,0,0,Master
18264694,AGRICULTURE,4,3,2,Female,True,US;UK;Canada;China;Germany,0,0,0,0,0,0,Master
16661264,AGRICULTURE,3,1,0,Female,True,,0,0,0,0,0,1,Bachelor
26070334,AGRICULTURE,3,0,0,None,True,,0,0,0,0,0,0,Bachelor
29142288,AGRICULTURE,4,0,0,None,True,,0,0,3,1,0,0,Master
28247753,AGRICULTURE,4,0,0,None,True,US,0,0,1,0,0,0,Master
79536879,AGRICULTURE,3,0,0,None,True,,0,0,1,4,0,0,Bachelor
17499196,AGRICULTURE,3,0,0,None,False,,0,0,0,0,0,0,Bachelor
79261033,BPO,0,0,0,None,True,US,0,0,0,0,0,0,None
16492045,BPO,3,0,0,None,True,,0,0,0,0,0,0,Bachelor
18589927,BPO,3,0,0,None,True,,0,0,0,0,0,0,Bachelor
23933031,BPO,3,0,0,None,True,,0,0,0,0,0,0,Bachelor
13964744,BPO,4,0,0,None,False,India,0,0,0,0,0,0,Master
89512321,BPO,3,0,0,None,False,India,0,0,0,0,0,0,Bachelor
30709029,BPO,0,0,0,None,True,,0,0,0,0,0,0,None
11183737,BPO,0,0,0,None,True,India,0,0,0,0,0,0,None
63158213,BPO,4,0,0,None,True,India;UK,0,1,1,0,1,0,Master
24727739,BPO,3,0,0,None,True,,0,0,0,0,0,0,Bachelor
15145575,BPO,3,0,0,None,False,,0,1,4,0,0,0,Bachelor
69097572,BPO,3,0,0,None,True,,0,0,0,0,0,0,Bachelor
31064969,BPO,3,0,0,None,True,,0,0,0,0,0,0,Bachelor
38707449,BPO,0,0,0,None,True,,0,0,0,0,0,0,None
57706851,BPO,3,0,0,None,False,US;India;UK;China,0,2,4,0,0,0,Bachelor
41152404,BPO,4,0,1,Male,False,US,0,0,0,0,0,0,Master
27710853,BPO,4,0,0,None,True,US;India,0,0,4,0,0,0,Master
15573418,BPO,3,0,3,Male,True,,0,0,1,0,0,0,Bachelor
26829350,BPO,4,0,0,None,False,India;UK,0,0,2,0,0,0,Master
95625660,BPO,3,0,0,None,False,India,0,2,4,0,0,0,Bachelor
19362586,BPO,4,0,0,None,True,US,0,0,0,0,0,0,Master
45077654,BPO,3,0,0,None,True,,0,0,0,1,0,1,Bachelor
87118391,SALES,0,0,0,None,True,US,0,0,0,0,0,0,None
33578873,SALES,1,0,0,None,True,,0,0,0,1,0,0,High school
27607632,SALES,3,0,0,None,True,US,0,0,0,0,0,0,Bachelor
23760084,SALES,3,0,0,None,True,,0,0,0,0,0,0,Bachelor
30083943,SALES,2,0,0,None,True,,0,0,2,1,0,0,Associate
20552814,SALES,1,0,0,None,True,,0,0,1,0,0,0,High school
40987524,SALES,3,0,0,None,True,,0,0,0,0,0,0,Bachelor
29134721,SALES,1,0,0,None,True,US,0,0,0,0,0,0,High school
18062906,SALES,3,0,0,None,True,,0,0,0,0,0,0,Bachelor
29399491,SALES,2,0,0,None,True,,0,0,0,0,0,0,Associate
19473948,SALES,1,0,0,None,True,,0,0,0,0,0,0,High school
71772815,SALES,1,0,0,None,True,,0,0,0,0,0,0,High school
15765660,SALES,3,0,0,None,True,,0,0,0,0,0,0,Bachelor
29184740,SALES,3,0,0,None,True,US,0,0,1,0,0,0,Bachelor
17781039,SALES,1,0,0,None,True,,0,0,0,0,0,0,High school
19147947,SALES,1,0,0,None,True,US,0,0,0,0,0,0,High school
18328743,SALES,0,0,0,None,True,,0,0,0,0,0,0,None
37540732,SALES,3,0,0,None,True,,0,0,0,0,0,0,Bachelor
30608780,SALES,1,0,0,None,True,US,0,0,0,0,0,0,High school
15918496,SALES,4,0,0,None,True,,0,0,3,0,0,0,Master
16223371,SALES,1,1,1,None,True,,0,0,0,0,0,0,High school
79376680,SALES,0,0,0,None,True,US,0,0,1,0,0,0,None
36904300,SALES,1,1,2,Male,True,,0,0,0,0,0,0,High school
10724818,SALES,3,0,0,None,True,,0,0,0,0,0,0,Bachelor
26994282,SALES,3,0,0,None,True,,0,0,0,0,0,0,Bachelor
20819838,SALES,2,0,0,None,True,,0,0,0,0,0,0,Associate
16511249,SALES,3,0,0,None,True,US,0,0,0,0,0,0,Bachelor
36074301,SALES,0,0,0,None,True,US,1,0,1,0,0,0,None
27624540,SALES,4,0,0,None,True,US,0,0,0,0,0,0,Master
20423658,SALES,4,0,0,None,True,US,0,1,0,0,0,0,Master
98509238,SALES,3,0,0,None,True,US,0,0,0,0,0,0,Bachelor
25810233,SALES,4,0,0,None,True,,0,0,0,0,0,0,Master
15273850,SALES,1,0,0,None,True,,0,0,0,0,0,0,High school
26932091,SALES,2,0,0,None,True,,0,0,1,0,0,0,Associate
13812481,SALES,2,0,0,None,True,,0,0,0,0,0,0,Associate
55477468,SALES,3,0,0,None,True,US,0,0,0,0,0,0,Bachelor
15973307,SALES,1,0,0,None,True,US,6,0,0,0,0,0,High school
22047665,SALES,0,0,0,None,True,US,0,0,0,0,0,0,None
69155584,SALES,1,0,0,None,True,US,0,0,0,0,0,0,High school
30529547,SALES,2,0,0,None,True,,0,0,0,0,0,0,Associate
23296286,SALES,2,0,0,None,True,,0,0,0,0,0,0,Associate
10603337,SALES,1,0,0,None,True,,0,0,0,0,0,0,High school
22319662,SALES,0,0,0,None,True,,0,0,0,0,0,0,None
15581242,SALES,3,0,0,None,True,,0,0,0,0,0,0,Bachelor
90682785,SALES,0,0,0,None,True,,0,0,0,0,0,0,None
98108571,SALES,1,0,0,None,True,,0,0,0,0,0,0,High school
12351749,SALES,4,0,0,None,True,,0,0,0,0,0,0,Master
39581020,SALES,1,0,0,None,True,,0,0,0,0,0,0,High school
14267489,SALES,1,0,0,None,True,US,0,0,0,0,0,0,High school
25839123,SALES,1,0,0,None,True,,0,0,0,0,0,0,High school
31454430,SALES,2,0,0,None,True,,0,0,0,0,0,0,Associate
18368613,SALES,3,0,0,None,True,,0,0,0,0,0,0,Bachelor
51349448,SALES,3,0,0,None,True,,0,0,0,0,0,0,Bachelor
17509935,SALES,1,0,0,None,True,,0,0,0,0,0,0,High school
21595057,SALES,0,0,0,None,True,,0,0,0,0,0,0,None
12696104,SALES,1,0,0,None,True,,0,0,0,0,0,0,High school
34303500,SALES,3,0,0,None,True,US,0,0,0,0,0,0,Bachelor
10898339,SALES,1,0,0,None,True,,0,0,0,0,0,0,High school
25315791,SALES,1,0,0,None,True,,0,0,0,1,0,0,High school
36621169,SALES,3,0,0,None,True,,0,0,0,0,0,0,Bachelor
17378327,SALES,3,0,0,None,True,,0,0,0,0,0,0,Bachelor
33236701,SALES,0,0,0,None,True,US,0,0,0,0,0,0,None
29211919,SALES,1,0,0,None,True,,0,0,0,0,0,0,High school
16121015,SALES,1,0,0,None,True,,0,0,1,0,0,0,High school
19582792,SALES,1,0,0,None,True,US;China,0,0,0,0,0,0,High school
13348915,SALES,2,0,0,None,True,,0,0,0,0,0,0,Associate
59422148,SALES,3,0,0,None,True,,0,0,0,0,0,0,Bachelor
10138632,SALES,1,0,0,None,True,,0,0,0,0,0,0,High school
29805310,SALES,1,0,0,None,True,,0,0,0,0,0,0,High school
26425074,SALES,4,0,0,None,True,US,0,0,0,0,0,0,Master
10464113,SALES,4,0,0,None,True,US,0,0,0,0,0,0,Master
54101961,SALES,0,0,0,None,True,,0,0,0,0,0,0,None
92200491,SALES,1,0,0,None,True,US,1,0,0,0,0,0,High school
26530696,SALES,2,1,0,Female,True,,0,0,0,0,0,0,Associate
29332616,SALES,1,0,0,None,True,,0,0,0,0,0,0,High school
42304307,SALES,3,0,0,None,True,US,1,0,0,0,0,0,Bachelor
12820557,SALES,3,0,0,None,True,,0,0,0,0,0,0,Bachelor
13178604,SALES,3,0,0,None,True,,0,0,1,0,0,0,Bachelor
23929500,SALES,1,0,0,None,True,,0,0,0,0,0,0,High school
37360517,SALES,1,0,0,None,True,,0,0,0,0,0,0,High school
28377361,SALES,2,0,0,None,True,,1,0,1,1,0,0,Associate
18171955,SALES,3,0,0,None,True,,0,0,0,0,0,0,Bachelor
12082377,SALES,1,0,0,None,True,,0,0,0,0,0,0,High school
28198029,SALES,2,0,0,None,True,US,0,0,0,0,0,0,Associate
28867567,SALES,3,0,0,None,True,,0,0,0,0,0,0,Bachelor
19147494,SALES,1,0,0,None,True,,0,0,0,0,0,0,High school
14358578,SALES,3,0,0,None,True,,0,0,0,0,0,0,Bachelor
37735467,SALES,2,0,0,None,True,,0,0,0,0,0,0,Associate
65456466,SALES,3,0,0,None,True,,0,0,0,0,0,0,Bachelor
32140087,SALES,4,0,1,Male,True,,0,0,0,0,0,0,Master
17704246,SALES,1,1,1,None,True,US,0,1,1,0,0,0,High school
58428843,SALES,0,0,0,None,True,Canada,0,0,0,0,0,0,None
70528646,SALES,1,0,0,None,True,US,0,0,0,0,0,0,High school
23032182,SALES,1,4,0,Female,True,,0,0,3,0,0,0,High school
36970996,SALES,1,0,0,None,True,,0,0,0,0,0,0,High school
13637605,SALES,1,0,0,None,True,US,0,0,0,0,0,0,High school
55097118,SALES,3,0,0,None,True,,0,0,0,0,0,0,Bachelor
24610685,SALES,4,0,0,None,True,,2,0,0,0,0,0,Master
38087844,SALES,1,0,0,None,True,US,0,0,0,0,0,0,High school
28139742,SALES,5,0,0,None,True,,0,0,0,0,0,0,PhD
17410700,SALES,0,1,0,Female,True,,0,0,0,0,0,0,None
20141807,SALES,1,1,1,None,True,,0,0,1,0,0,0,High school
16280971,SALES,3,4,0,Female,True,,0,0,0,0,0,0,Bachelor
34131484,SALES,1,0,0,None,True,,0,0,0,0,0,0,High school
18885231,SALES,3,0,0,None,True,,0,0,0,0,0,0,Bachelor
15620421,SALES,1,0,0,None,True,US,0,0,2,0,0,0,High school
31199035,SALES,1,0,0,None,True,,0,0,0,0,0,0,High school
85918100,SALES,3,0,0,None,True,,0,0,0,0,0,0,Bachelor
14381464,SALES,1,0,0,None,True,,0,0,0,0,0,0,High school
23782450,SALES,1,0,0,None,True,,0,0,0,0,0,0,High school
37792474,SALES,3,0,0,None,True,,0,0,0,1,0,0,Bachelor
29928796,SALES,0,0,0,None,True,,0,0,0,0,0,0,None
55104715,SALES,4,0,0,None,True,US,0,0,0,0,0,0,Master
27233183,SALES,1,0,0,None,True,,0,0,4,0,0,0,High school
29815762,SALES,1,0,0,None,True,,0,0,0,0,0,0,High school
19156751,SALES,1,0,0,None,True,US,0,0,0,0,0,0,High school
27096471,CONSULTANT,4,1,0,Female,True,,0,0,0,0,0,0,Master
43311839,CONSULTANT,4,0,0,None,True,US;India,0,0,0,0,1,0,Master
15119529,CONSULTANT,0,1,0,Female,True,,0,0,0,0,0,0,None
88907739,CONSULTANT,4,0,0,None,True,India,0,0,0,0,0,0,Master
31395742,CONSULTANT,2,0,0,None,True,,0,0,0,0,0,0,Associate
93349646,CONSULTANT,3,0,2,Male,False,,0,0,0,0,0,0,Bachelor
25694422,CONSULTANT,3,0,0,None,True,US,0,0,0,0,0,0,Bachelor
26291616,CONSULTANT,1,0,0,None,True,US,0,0,0,0,0,1,High school
11020140,CONSULTANT,4,0,0,None,True,,0,0,0,0,0,0,Master
93459677,CONSULTANT,3,0,0,None,True,US;India,0,1,0,0,0,0,Bachelor
18079050,CONSULTANT,3,0,0,None,True,,0,0,0,0,0,0,Bachelor
25213006,CONSULTANT,1,0,0,None,True,US,0,0,0,0,0,0,High school
14517953,CONSULTANT,4,0,0,None,True,,0,0,0,0,0,0,Master
39308779,CONSULTANT,4,0,0,None,True,US;Canada,0,0,0,0,0,0,Master
51724595,CONSULTANT,1,6,0,Female,True,US;India;Canada,0,0,1,0,0,0,High school
22259768,CONSULTANT,4,0,0,None,True,US,0,0,1,0,0,0,Master
10332998,CONSULTANT,3,0,0,None,True,US,0,0,0,0,0,1,Bachelor
24643412,CONSULTANT,4,0,0,None,True,US,0,0,0,0,0,0,Master
69181350,CONSULTANT,4,0,0,None,False,India,0,0,0,0,0,0,Master
18856440,CONSULTANT,1,0,0,None,True,,0,0,12,0,0,0,High school
15433732,CONSULTANT,3,0,0,None,True,US;China,0,0,0,0,0,0,Bachelor
15281412,CONSULTANT,3,0,0,None,True,,0,0,2,0,0,0,Bachelor
15699744,CONSULTANT,3,0,0,None,True,,0,0,0,0,0,0,Bachelor
28951817,CONSULTANT,3,0,0,None,True,,0,0,0,2,0,0,Bachelor
38165833,CONSULTANT,1,0,0,None,True,,0,0,0,0,0,0,High school
13586069,CONSULTANT,4,0,0,None,True,,0,0,0,0,0,0,Master
30083884,CONSULTANT,0,0,0,None,True,US,0,0,0,0,0,0,None
51432451,CONSULTANT,4,0,1,Male,True,,0,0,0,0,0,0,Master
31169070,CONSULTANT,4,0,0,None,True,US;India,0,0,0,0,0,0,Master
29723311,CONSULTANT,4,0,0,None,True,,0,0,0,0,0,0,Master
22485475,CONSULTANT,3,0,0,None,True,,4,0,2,0,1,2,Bachelor
22556198,CONSULTANT,5,0,0,None,True,,0,0,1,0,0,0,PhD
30863060,CONSULTANT,3,0,0,None,True,,0,0,0,0,0,0,Bachelor
78016758,CONSULTANT,2,0,0,None,True,,0,0,0,0,0,0,Associate
12897903,CONSULTANT,4,0,0,None,True,,0,0,0,0,0,0,Master
34875813,CONSULTANT,3,0,0,None,True,,0,0,0,0,0,0,Bachelor
11333660,CONSULTANT,5,0,0,None,True,US;UK,0,0,0,0,0,1,PhD
21366189,CONSULTANT,3,0,1,Male,False,,0,0,0,0,0,0,Bachelor
32637306,CONSULTANT,4,0,0,None,True,,0,0,0,0,0,0,Master
71888547,CONSULTANT,3,0,0,None,True,US,0,0,0,2,0,0,Bachelor
29770086,CONSULTANT,4,0,0,None,True,,0,0,0,0,0,0,Master
99714410,CONSULTANT,4,0,0,None,True,US;UK;Canada,0,0,2,0,0,0,Master
39441617,CONSULTANT,4,0,0,None,True,US,0,0,0,0,0,0,Master
12374933,CONSULTANT,3,0,0,None,True,,0,0,0,0,0,0,Bachelor
20176584,CONSULTANT,4,0,0,None,True,US,0,0,0,0,0,0,Master
32433431,CONSULTANT,3,0,0,None,True,,0,0,0,0,0,0,Bachelor
88691367,CONSULTANT,3,0,0,None,True,,0,0,0,0,0,0,Bachelor
17025292,CONSULTANT,1,0,0,None,True,,0,0,0,0,0,0,High school
23302948,CONSULTANT,5,0,1,Male,True,US,0,0,0,0,0,0,PhD
24828381,CONSULTANT,4,0,0,None,False,,0,0,0,0,0,0,Master
38896303,CONSULTANT,3,0,0,None,True,,0,0,0,0,0,0,Bachelor
31217840,CONSULTANT,3,0,1,Male,True,US,0,0,0,0,0,0,Bachelor
38399177,CONSULTANT,3,0,0,None,True,,0,0,0,0,0,0,Bachelor
19161572,CONSULTANT,4,0,0,None,True,,0,0,0,0,0,0,Master
29647215,CONSULTANT,4,0,0,None,True,,0,0,0,0,0,0,Master
73075521,CONSULTANT,3,0,0,None,True,,0,0,0,0,0,0,Bachelor
17983957,CONSULTANT,4,0,0,None,True,,0,0,1,0,0,0,Master
20314980,CONSULTANT,0,0,0,None,True,,0,0,0,0,0,0,None
21512769,CONSULTANT,0,1,0,Female,False,,0,0,0,0,0,0,None
21568833,CONSULTANT,4,0,0,None,True,,0,0,0,0,0,0,Master
27726066,CONSULTANT,4,0,0,None,False,US;India,0,0,2,0,0,0,Master
91189201,CONSULTANT,4,0,0,None,True,India,0,0,0,0,0,0,Master
95429627,CONSULTANT,4,0,0,None,True,,0,0,0,0,0,0,Master
12526702,CONSULTANT,3,0,0,None,True,US,0,0,0,0,0,0,Bachelor
92246939,CONSULTANT,4,0,1,Male,True,US,0,0,0,0,0,0,Master
48533663,CONSULTANT,4,1,2,Male,True,,0,0,0,0,0,0,Master
38457612,CONSULTANT,0,0,0,None,False,,0,2,0,0,0,0,None
27788376,CONSULTANT,4,0,0,None,True,US,0,0,0,0,0,0,Master
31016926,CONSULTANT,4,0,0,None,True,,0,0,0,0,0,0,Master
43378989,CONSULTANT,4,0,0,None,True,,0,0,0,0,0,0,Master
13454871,CONSULTANT,3,0,0,None,True,India;UK;Canada;China,0,1,1,0,1,0,Bachelor
19936735,CONSULTANT,2,0,0,None,True,US,0,0,0,0,0,0,Associate
33919379,CONSULTANT,3,0,0,None,True,,0,0,0,0,0,0,Bachelor
95350373,CONSULTANT,4,0,0,None,True,,0,0,0,0,0,0,Master
15602094,CONSULTANT,3,0,0,None,True,,0,0,0,0,0,0,Bachelor
95792386,CONSULTANT,4,0,0,None,True,,0,0,0,0,0,0,Master
28243590,CONSULTANT,4,0,0,None,True,,0,0,0,0,0,0,Master
14593060,CONSULTANT,4,0,2,Male,True,,0,0,0,0,0,0,Master
13313917,CONSULTANT,3,0,0,None,True,UK,1,0,0,0,0,0,Bachelor
12251115,CONSULTANT,3,0,0,None,True,,0,0,0,0,0,0,Bachelor
20574232,CONSULTANT,0,0,0,None,True,,0,0,0,0,0,0,None
12955994,CONSULTANT,3,0,0,None,True,,0,0,0,0,0,0,Bachelor
16964217,CONSULTANT,1,0,0,None,True,US,0,0,0,0,0,0,High school
13215696,CONSULTANT,3,0,0,None,True,US,0,0,0,0,0,0,Bachelor
29196643,CONSULTANT,4,0,0,None,False,,0,0,0,0,0,0,Master
22351830,CONSULTANT,4,0,0,None,False,India;Germany,0,0,1,0,0,0,Master
11415967,CONSULTANT,4,0,0,None,True,UK;Nigeria,0,0,0,0,0,0,Master
29297393,CONSULTANT,3,0,0,None,True,US,0,0,2,0,0,1,Bachelor
18227306,CONSULTANT,4,0,0,None,True,US,0,0,0,0,0,0,Master
31201660,CONSULTANT,3,0,0,None,True,US,0,0,0,1,0,0,Bachelor
25258040,CONSULTANT,1,0,0,None,True,,0,0,0,0,0,0,High school
56792999,CONSULTANT,4,0,0,None,True,US,0,0,1,0,1,0,Master
22571461,CONSULTANT,3,0,1,Male,True,Canada,0,0,2,0,0,0,Bachelor
80527194,CONSULTANT,0,0,0,None,True,,0,0,0,0,0,0,None
37818861,CONSULTANT,0,0,0,None,True,,0,0,0,0,0,0,None
91116867,CONSULTANT,0,0,0,None,True,,0,0,0,0,0,0,None
14346702,CONSULTANT,1,0,0,None,True,,0,0,6,0,0,0,High school
15083600,CONSULTANT,4,0,0,None,True,US,1,0,0,0,0,0,Master
63670997,CONSULTANT,3,0,0,None,True,,0,0,0,0,0,0,Bachelor
17307206,CONSULTANT,3,0,0,None,True,,0,0,0,1,0,0,Bachelor
67406885,CONSULTANT,5,0,1,Male,True,,0,0,0,0,0,0,PhD
57364820,CONSULTANT,4,0,0,None,True,,0,0,0,0,0,0,Master
79570655,CONSULTANT,2,0,0,None,True,US,0,0,0,0,0,0,Associate
13569152,CONSULTANT,4,0,0,None,True,,0,0,0,0,0,1,Master
65062795,CONSULTANT,4,0,0,None,True,US;India,0,0,0,0,0,0,Master
10984392,CONSULTANT,0,0,0,None,True,,0,0,0,0,0,0,None
49777184,CONSULTANT,3,0,0,None,True,US,0,0,0,0,0,0,Bachelor
11835339,CONSULTANT,3,0,1,Male,True,,0,0,0,0,0,0,Bachelor
21156767,CONSULTANT,4,0,0,None,True,,0,0,0,0,0,0,Master
26234972,CONSULTANT,0,0,0,None,True,,0,0,2,0,0,0,None
15535920,CONSULTANT,0,0,0,None,False,,0,0,0,0,0,0,None
26919036,CONSULTANT,3,0,0,None,True,,0,0,0,0,0,0,Bachelor
57601040,CONSULTANT,3,0,0,None,True,,0,0,0,0,0,0,Bachelor
29076405,CONSULTANT,2,0,0,None,True,,0,0,0,0,0,0,Associate
26167298,CONSULTANT,4,0,0,None,True,Canada;China,0,0,0,0,0,0,Master
13837784,DIGITAL-MEDIA,3,0,0,None,True,,0,0,0,0,0,0,Bachelor
16509761,DIGITAL-MEDIA,3,0,0,None,True,,0,0,0,0,0,0,Bachelor
29915354,DIGITAL-MEDIA,4,0,0,None,True,US,0,0,0,0,0,0,Master
82929064,DIGITAL-MEDIA,3,0,0,None,True,US,0,0,0,0,0,0,Bachelor
10515955,DIGITAL-MEDIA,4,0,0,None,True,,0,0,0,0,0,0,Master
14945250,DIGITAL-MEDIA,4,0,0,None,True,US,0,0,0,0,0,0,Master
28609364,DIGITAL-MEDIA,4,0,0,None,True,US,0,0,0,0,0,0,Master
19861776,DIGITAL-MEDIA,4,0,0,None,True,UK;Germany,0,0,0,0,0,0,Master
14036515,DIGITAL-MEDIA,1,0,0,None,True,,0,0,0,0,0,0,High school
11005406,DIGITAL-MEDIA,4,0,0,None,True,,0,0,0,0,0,0,Master
17132168,DIGITAL-MEDIA,3,0,0,None,True,,0,0,0,0,0,0,Bachelor
15353911,DIGITAL-MEDIA,3,0,0,None,True,US,0,0,0,0,0,0,Bachelor
18501746,DIGITAL-MEDIA,0,0,0,None,True,,0,0,0,0,0,0,None
26341987,DIGITAL-MEDIA,4,0,0,None,True,US;Canada,0,0,0,0,0,0,Master
27419236,DIGITAL-MEDIA,3,0,0,None,True,,0,0,0,0,0,0,Bachelor
13328680,DIGITAL-MEDIA,4,0,0,None,True,,0,0,0,0,0,0,Master
17584743,DIGITAL-MEDIA,0,0,0,None,True,,0,0,0,0,0,0,None
14761906,DIGITAL-MEDIA,3,0,0,None,True,,0,0,2,0,0,0,Bachelor
31162167,DIGITAL-MEDIA,3,0,0,None,True,,1,0,0,0,1,0,Bachelor
15226699,DIGITAL-MEDIA,1,0,0,None,True,US,0,0,0,0,0,0,High school
25525152,DIGITAL-MEDIA,3,0,0,None,True,,0,0,0,0,0,0,Bachelor
13343786,DIGITAL-MEDIA,4,0,0,None,True,,0,0,0,0,0,5,Master
15484097,DIGITAL-MEDIA,3,0,0,None,True,,0,0,0,0,0,0,Bachelor
25723793,DIGITAL-MEDIA,3,1,0,Female,True,,0,0,0,0,0,0,Bachelor
19444529,DIGITAL-MEDIA,3,0,0,None,True,,0,0,0,0,0,0,Bachelor
33893326,DIGITAL-MEDIA,4,0,0,None,False,,0,2,0,0,0,0,Master
18442517,DIGITAL-MEDIA,3,0,0,None,True,,0,0,0,0,0,0,Bachelor
40883703,DIGITAL-MEDIA,4,0,0,None,True,,0,0,0,0,0,0,Master
27981289,DIGITAL-MEDIA,0,0,0,None,True,,0,0,0,0,0,0,None
18900722,DIGITAL-MEDIA,3,0,0,None,True,,0,0,2,0,0,0,Bachelor
28109594,DIGITAL-MEDIA,3,0,0,None,True,US,0,0,0,0,0,0,Bachelor
31929166,DIGITAL-MEDIA,3,0,0,None,True,,0,0,0,0,0,0,Bachelor
24574164,DIGITAL-MEDIA,3,0,0,None,True,,0,0,0,0,0,0,Bachelor
23085604,DIGITAL-MEDIA,0,0,1,Male,True,US;India;China,0,0,0,0,0,0,None
27080812,DIGITAL-MEDIA,4,0,0,None,True,,0,0,0,0,0,0,Master
14209965,DIGITAL-MEDIA,4,1,0,Female,True,,0,0,0,0,0,0,Master
20330739,DIGITAL-MEDIA,4,0,0,None,True,,0,0,0,0,0,0,Master
37739183,DIGITAL-MEDIA,3,0,0,None,True,US,0,0,1,0,0,0,Bachelor
14771530,DIGITAL-MEDIA,3,0,0,None,True,,0,0,0,0,0,0,Bachelor
62700506,DIGITAL-MEDIA,0,0,0,None,True,,0,0,0,0,0,0,None
34319869,DIGITAL-MEDIA,3,0,0,None,True,US,0,0,0,0,0,0,Bachelor
30999638,DIGITAL-MEDIA,0,0,0,None,True,,0,0,0,0,0,0,None
11677012,DIGITAL-MEDIA,3,1,1,None,True,US,0,0,0,0,0,0,Bachelor
18525641,DIGITAL-MEDIA,3,0,0,None,True,US,0,0,1,0,0,0,Bachelor
91539554,DIGITAL-MEDIA,3,0,0,None,False,US;China,0,1,1,0,1,0,Bachelor
13503650,DIGITAL-MEDIA,2,1,0,Female,True,US,0,0,0,0,0,0,Associate
23864858,DIGITAL-MEDIA,3,0,0,None,True,,0,0,0,0,0,0,Bachelor
24658786,DIGITAL-MEDIA,3,0,0,None,True,US,0,0,0,0,0,1,Bachelor
39166680,DIGITAL-MEDIA,3,0,0,None,True,,0,0,0,0,0,0,Bachelor
25038571,DIGITAL-MEDIA,3,0,0,None,True,,0,0,0,0,0,0,Bachelor
33542483,DIGITAL-MEDIA,3,0,0,None,True,,0,0,0,0,0,0,Bachelor
58915642,DIGITAL-MEDIA,3,0,0,None,True,US,0,0,2,0,0,0,Bachelor
18927233,DIGITAL-MEDIA,3,0,0,None,True,US,0,0,0,0,0,0,Bachelor
16893572,DIGITAL-MEDIA,3,0,0,None,True,,0,0,0,0,0,0,Bachelor
18488289,DIGITAL-MEDIA,3,0,0,None,True,,0,0,0,0,0,0,Bachelor
31909493,DIGITAL-MEDIA,3,0,0,None,True,UK;China,0,0,0,0,0,0,Bachelor
29002596,DIGITAL-MEDIA,4,0,0,None,True,,0,0,0,0,0,0,Master
73282756,DIGITAL-MEDIA,4,0,0,None,True,,0,0,0,0,0,0,Master
94492380,DIGITAL-MEDIA,3,0,0,None,True,US,0,0,0,0,0,0,Bachelor
18905648,DIGITAL-MEDIA,0,0,0,None,True,,0,0,0,0,0,0,None
70196518,DIGITAL-MEDIA,0,0,0,None,True,,0,0,0,0,0,0,None
56952849,DIGITAL-MEDIA,3,0,0,None,True,,0,0,0,0,0,0,Bachelor
40311088,DIGITAL-MEDIA,3,0,0,None,True,,0,0,0,0,0,0,Bachelor
19053815,DIGITAL-MEDIA,3,0,1,Male,True,,0,0,0,0,0,0,Bachelor
10005171,DIGITAL-MEDIA,4,0,0,None,True,,1,0,0,0,0,0,Master
26160200,DIGITAL-MEDIA,3,0,2,Male,True,,0,0,0,2,0,0,Bachelor
59011090,DIGITAL-MEDIA,3,0,0,None,True,US,0,0,0,0,0,0,Bachelor
34583750,DIGITAL-MEDIA,3,0,0,None,True,,0,0,0,0,0,0,Bachelor
22380187,DIGITAL-MEDIA,0,0,0,None,True,,0,0,0,0,0,0,None
24953921,DIGITAL-MEDIA,2,0,0,None,True,,0,0,0,0,0,0,Associate
20490741,DIGITAL-MEDIA,1,0,0,None,True,,0,0,0,0,0,0,High school
21125113,DIGITAL-MEDIA,0,0,0,None,True,US,0,0,0,0,0,0,None
11270462,DIGITAL-MEDIA,3,0,2,Male,True,,0,0,1,0,0,0,Bachelor
90685127,DIGITAL-MEDIA,3,0,0,None,True,,0,0,0,0,0,0,Bachelor
20628003,DIGITAL-MEDIA,0,0,0,None,True,,0,0,0,0,0,0,None
30504149,DIGITAL-MEDIA,3,0,0,None,True,US,0,0,0,0,0,0,Bachelor
25706337,DIGITAL-MEDIA,4,0,0,None,True,,0,0,0,0,0,0,Master
91318828,DIGITAL-MEDIA,3,0,0,None,True,,0,0,0,0,0,1,Bachelor
42156237,DIGITAL-MEDIA,4,0,0,None,True,,0,0,0,0,0,0,Master
80679862,DIGITAL-MEDIA,3,0,0,None,True,,0,0,0,0,0,0,Bachelor
16276121,DIGITAL-MEDIA,0,0,0,None,True,,0,0,0,0,0,0,None
27921561,DIGITAL-MEDIA,3,0,0,None,True,,1,0,0,0,0,0,Bachelor
50219114,DIGITAL-MEDIA,4,0,0,None,True,US,0,0,0,0,0,0,Master
30864828,DIGITAL-MEDIA,3,0,0,None,True,,0,0,0,0,0,0,Bachelor
17562754,DIGITAL-MEDIA,4,0,0,None,False,,4,0,0,0,0,0,Master
24679149,DIGITAL-MEDIA,3,0,0,None,True,,0,0,0,0,0,0,Bachelor
81508860,DIGITAL-MEDIA,4,0,0,None,False,,0,0,0,0,2,0,Master
28679359,DIGITAL-MEDIA,0,0,0,None,True,,0,0,0,0,0,0,None
14556869,DIGITAL-MEDIA,3,0,0,None,True,,0,0,1,0,0,0,Bachelor
23810469,DIGITAL-MEDIA,4,0,0,None,True,US,0,0,0,0,0,0,Master
16536141,DIGITAL-MEDIA,3,0,0,None,True,US,0,0,0,0,0,0,Bachelor
12085736,DIGITAL-MEDIA,3,0,0,None,True,,0,0,0,0,0,0,Bachelor
20210676,DIGITAL-MEDIA,3,0,0,None,True,,0,0,0,0,0,0,Bachelor
22706174,DIGITAL-MEDIA,3,0,0,None,True,,0,0,0,0,0,0,Bachelor
18354623,DIGITAL-MEDIA,0,0,0,None,True,,0,0,0,0,0,0,None
17432318,DIGITAL-MEDIA,0,0,0,None,False,,0,0,0,0,0,0,None
11797122,AUTOMOBILE,4,0,0,None,True,US,0,0,0,0,0,0,Master
16332293,AUTOMOBILE,3,0,0,None,True,,0,0,0,0,0,0,Bachelor
28790806,AUTOMOBILE,0,0,0,None,True,,0,0,1,0,0,0,None
91515108,AUTOMOBILE,4,0,0,None,True,,0,0,0,0,0,0,Master
32109048,AUTOMOBILE,4,0,0,None,True,US,0,0,1,0,0,0,Master
11152490,AUTOMOBILE,4,0,0,None,True,US,0,0,0,0,0,1,Master
99680385,AUTOMOBILE,4,0,0,None,False,UK;China,0,4,0,0,2,0,Master
15790602,AUTOMOBILE,4,0,0,None,True,,0,0,0,0,0,0,Master
17510973,AUTOMOBILE,2,0,0,None,True,,0,0,0,0,0,0,Associate
23522150,AUTOMOBILE,1,0,0,None,True,US,0,0,0,0,0,0,High school
11257723,AUTOMOBILE,3,0,0,None,True,,0,0,0,0,0,0,Bachelor
14455622,AUTOMOBILE,3,0,0,None,True,,0,0,0,0,0,0,Bachelor
84295343,AUTOMOBILE,2,0,0,None,True,,0,0,0,0,0,0,Associate
78357954,AUTOMOBILE,1,0,0,None,True,,0,0,1,0,0,0,High school
24703983,AUTOMOBILE,2,0,0,None,True,,0,0,0,0,0,0,Associate
47487091,AUTOMOBILE,3,0,0,None,True,,0,0,0,0,0,0,Bachelor
23009962,AUTOMOBILE,4,0,1,Male,True,,0,0,0,0,0,0,Master
22732234,AUTOMOBILE,4,0,0,None,True,,0,0,0,0,0,0,Master
18448085,AUTOMOBILE,4,0,0,None,False,,0,0,0,0,0,0,Master
11887930,AUTOMOBILE,3,0,0,None,True,,0,0,0,0,0,0,Bachelor
14508237,AUTOMOBILE,0,0,0,None,True,US,0,0,0,0,0,0,None
15100547,AUTOMOBILE,3,0,1,Male,True,US,0,0,0,0,0,0,Bachelor
97449528,AUTOMOBILE,3,0,0,None,True,Germany,0,0,1,0,0,0,Bachelor
26341645,AUTOMOBILE,3,0,0,None,True,US;UK,0,0,0,0,0,0,Bachelor
82140102,AUTOMOBILE,1,0,0,None,True,,0,0,0,0,0,0,High school
17571262,AUTOMOBILE,2,0,0,None,True,US,0,0,0,0,0,0,Associate
32069695,AUTOMOBILE,0,0,0,None,True,US,0,0,0,0,0,0,None
22946204,AUTOMOBILE,4,0,0,None,True,China,0,0,0,0,0,0,Master
63989974,AUTOMOBILE,3,0,0,None,True,,0,0,0,0,0,0,Bachelor
15484011,AUTOMOBILE,0,0,0,None,True,US,0,0,1,0,0,0,None
18932512,AUTOMOBILE,1,0,0,None,True,,0,0,0,0,0,0,High school
15210069,AUTOMOBILE,3,0,0,None,True,US,0,0,0,0,0,0,Bachelor
25047127,AUTOMOBILE,0,0,0,None,True,,0,0,0,0,0,0,None
22452756,AUTOMOBILE,1,0,1,Male,False,India;Nigeria,0,4,4,0,0,0,High school
24592627,AUTOMOBILE,3,0,0,None,True,,0,0,0,0,0,0,Bachelor
51508889,AUTOMOBILE,4,0,0,None,True,US;India,0,0,5,0,0,0,Master
15180322,CHEF,0,0,1,Male,True,US;UK,0,0,1,2,0,0,None
24221960,CHEF,2,0,0,None,True,US,0,0,0,0,0,0,Associate
24673903,CHEF,3,0,0,None,True,,0,0,1,0,0,0,Bachelor
19007667,CHEF,0,0,0,None,True,,0,0,0,0,0,0,None
30311202,CHEF,1,0,0,None,True,,0,0,0,0,0,0,High school
11121498,CHEF,2,0,2,Male,True,US,0,0,2,0,0,0,Associate
32518109,CHEF,2,0,0,None,True,US;UK,0,0,0,0,0,0,Associate
26718039,CHEF,0,0,0,None,True,,0,0,0,0,0,0,None
23568731,CHEF,2,0,0,None,True,US,0,0,0,0,0,0,Associate
14663897,CHEF,1,0,0,None,True,,0,0,1,0,0,0,High school
21904897,CHEF,1,0,0,None,True,,0,0,0,0,0,0,High school
23591247,CHEF,1,0,0,None,True,,0,0,0,0,0,0,High school
16594812,CHEF,1,0,0,None,True,,0,0,0,0,0,0,High school
19831366,CHEF,1,0,0,None,True,US,0,0,0,0,0,0,High school
16804396,CHEF,2,0,0,None,True,,0,0,0,0,0,0,Associate
92122785,CHEF,4,0,0,None,True,,0,0,0,0,0,0,Master
27831220,CHEF,2,0,0,None,True,,0,0,0,0,0,0,Associate
13411858,CHEF,3,0,0,None,True,US,0,0,0,0,0,0,Bachelor
25924968,CHEF,3,0,0,None,True,,0,0,0,0,0,0,Bachelor
34252537,CHEF,3,0,0,None,True,US,0,0,0,0,0,0,Bachelor
81373857,CHEF,3,0,1,Male,True,,0,0,0,0,0,0,Bachelor
92985983,CHEF,2,0,0,None,True,US,0,0,0,0,0,0,Associate
34452806,CHEF,2,0,0,None,True,,0,0,0,0,0,0,Associate
21611637,CHEF,2,0,0,None,True,,0,0,1,0,0,0,Associate
13095891,CHEF,2,0,0,None,True,US,0,0,0,0,0,0,Associate
12717345,CHEF,2,0,0,None,True,UK,0,0,0,0,0,0,Associate
23841877,CHEF,2,0,0,None,True,US;Germany,0,0,0,0,0,0,Associate
23032276,CHEF,2,0,0,None,True,,0,0,0,0,0,0,Associate
32605413,CHEF,0,0,0,None,True,US;UK;Germany,0,1,2,0,1,0,None
65373280,CHEF,3,0,0,None,True,,0,0,0,0,0,0,Bachelor
27909372,CHEF,3,0,2,Male,True,,0,0,0,0,0,0,Bachelor
47603843,CHEF,2,0,0,None,True,US,0,0,0,0,0,0,Associate
11444536,CHEF,3,0,0,None,True,,0,0,0,0,0,0,Bachelor
25953797,CHEF,2,0,0,None,True,,0,0,0,0,0,0,Associate
23185829,CHEF,3,0,3,Male,True,US,0,0,0,0,0,0,Bachelor
21869994,CHEF,3,0,0,None,True,,0,0,0,0,0,0,Bachelor
28424982,CHEF,2,0,0,None,True,,0,0,0,0,0,0,Associate
47317494,CHEF,3,0,0,None,True,,0,0,0,0,0,0,Bachelor
29784524,CHEF,1,0,0,None,True,,0,0,0,0,0,0,High school
10001727,CHEF,4,0,0,None,True,US,0,0,0,0,0,0,Master
74522938,CHEF,4,0,0,None,True,,1,0,0,0,0,0,Master
91591026,CHEF,4,0,0,None,True,US;China,0,0,0,0,0,0,Master
21511817,CHEF,0,0,0,None,True,,0,0,0,3,0,0,None
35468363,CHEF,2,0,0,None,True,,0,0,0,0,0,0,Associate
37231163,CHEF,1,0,0,None,True,US,0,0,0,0,0,0,High school
16924102,CHEF,0,0,0,None,True,,0,0,0,0,0,0,None
28092317,CHEF,3,0,0,None,True,US,0,0,0,0,0,0,Bachelor
16855929,CHEF,1,0,0,None,True,,0,0,0,0,0,0,High school
29211359,CHEF,2,0,0,None,True,,0,0,0,0,0,0,Associate
27820360,CHEF,1,0,0,None,True,,0,0,0,0,0,0,High school
48580330,CHEF,2,0,0,None,True,US,1,1,3,0,0,0,Associate
29072179,CHEF,1,0,0,None,True,,0,0,0,0,0,0,High school
94047639,CHEF,2,0,0,None,True,,0,0,0,0,0,0,Associate
21622444,CHEF,1,0,0,None,True,US,0,0,0,0,0,0,High school
33964275,CHEF,3,0,1,Male,True,,4,0,0,0,0,0,Bachelor
21101152,CHEF,0,0,0,None,True,,0,0,0,0,0,0,None
25128608,CHEF,2,0,0,None,True,US,1,0,0,0,0,0,Associate
18825446,CHEF,2,0,0,None,True,US,0,0,0,0,0,0,Associate
61322296,CHEF,2,0,0,None,True,US,0,0,0,0,0,0,Associate
20817322,CHEF,2,0,0,None,True,US,0,0,0,0,0,0,Associate
29449419,CHEF,3,0,0,None,True,,0,0,1,0,0,0,Bachelor
20321582,CHEF,2,0,0,None,True,US,0,0,0,0,0,0,Associate
19285236,CHEF,0,0,0,None,True,,0,0,0,0,0,0,None
13264154,CHEF,2,0,0,None,True,,0,0,0,0,0,0,Associate
47729453,CHEF,3,0,0,None,True,,0,0,0,0,0,0,Bachelor
51554903,CHEF,2,0,0,None,True,,0,0,0,0,0,0,Associate
14569498,CHEF,2,0,0,None,True,,0,0,0,0,0,0,Associate
22561438,CHEF,2,0,0,None,False,,0,0,0,0,0,0,Associate
12420359,CHEF,3,0,0,None,True,,0,0,0,0,0,0,Bachelor
16248476,CHEF,1,0,0,None,True,US,0,0,0,0,0,0,High school
10653119,CHEF,2,0,0,None,True,,0,0,0,0,0,0,Associate
11209758,CHEF,3,0,0,None,True,,0,0,0,0,0,0,Bachelor
86551046,CHEF,1,0,0,None,True,US,0,0,0,0,0,0,High school
23807940,CHEF,3,0,0,None,True,,0,0,0,0,0,0,Bachelor
29775391,CHEF,1,0,0,None,True,,0,0,0,0,0,0,High school
53265899,CHEF,3,3,0,Female,True,US,0,0,0,1,0,1,Bachelor
38309905,CHEF,2,0,0,None,True,,0,0,0,0,0,0,Associate
29772450,CHEF,2,0,0,None,True,US,0,0,0,0,0,0,Associate
21334981,CHEF,2,0,0,None,True,,0,0,0,0,0,0,Associate
10276858,CHEF,1,0,0,None,True,US,0,0,0,0,0,0,High school
10588874,CHEF,2,0,1,Male,True,,0,0,0,0,0,0,Associate
35157762,CHEF,2,0,0,None,True,US,0,0,0,0,0,0,Associate
91072502,CHEF,2,0,0,None,True,,0,0,0,0,0,0,Associate
13212436,CHEF,1,0,0,None,True,,0,0,0,0,0,0,High school
15261348,CHEF,3,0,0,None,True,US,0,0,0,0,0,0,Bachelor
27662298,CHEF,3,0,0,None,True,US,0,0,0,0,0,0,Bachelor
16066857,CHEF,1,0,0,None,True,,0,0,0,0,0,0,High school
30337969,CHEF,4,0,0,None,True,,0,0,0,0,0,0,Master
10333299,CHEF,1,0,0,None,True,US,0,0,0,0,0,0,High school
28396528,CHEF,1,0,0,None,True,,0,0,0,0,0,0,High school
19268120,CHEF,2,0,0,None,True,US,0,0,0,0,0,0,Associate
20691949,CHEF,3,0,0,None,True,UK,0,0,0,0,0,0,Bachelor
26189601,CHEF,3,0,0,None,True,,0,0,0,0,0,0,Bachelor
30826569,CHEF,4,0,0,None,True,,0,0,3,0,0,0,Master
91268638,CHEF,1,0,0,None,True,,0,0,0,0,0,0,High school
18036030,CHEF,1,0,0,None,True,,0,0,0,0,0,0,High school
36366044,CHEF,3,0,0,None,True,US;Canada;China;Germany,0,0,0,0,0,0,Bachelor
23398733,CHEF,0,0,0,None,True,,0,0,0,0,0,0,None
29990140,CHEF,3,5,0,Female,True,,0,0,2,0,0,1,Bachelor
30128072,CHEF,1,0,0,None,True,,0,0,0,0,0,0,High school
28176889,CHEF,4,0,0,None,True,,0,0,1,0,0,1,Master
10889157,CHEF,2,0,5,Male,True,US,0,0,0,0,0,0,Associate
19951766,CHEF,1,0,0,None,True,,0,0,0,0,0,0,High school
57262959,CHEF,3,0,0,None,True,,0,0,0,0,0,1,Bachelor
20033302,CHEF,3,0,0,None,True,,0,0,0,0,0,0,Bachelor
24709432,CHEF,3,0,0,None,True,,0,0,0,0,2,0,Bachelor
62555739,CHEF,2,0,0,None,True,,0,0,0,0,0,0,Associate
31547476,CHEF,2,0,0,None,True,,0,0,0,0,0,0,Associate
18480859,CHEF,2,0,0,None,True,US,0,0,0,0,0,0,Associate
12254068,CHEF,3,0,0,None,True,,0,0,2,0,0,0,Bachelor
11432686,CHEF,4,0,0,None,True,,0,0,0,0,0,0,Master
25452321,CHEF,1,4,1,Female,True,US,0,1,1,0,1,0,High school
28230807,CHEF,1,0,0,None,True,,0,0,0,0,0,0,High school
15354126,CHEF,2,0,0,None,True,,0,0,0,0,0,0,Associate
12155206,CHEF,4,0,0,None,True,US,0,0,0,0,0,0,Master
27298953,CHEF,0,0,0,None,True,,0,0,1,0,0,0,None
68338341,CHEF,2,0,2,Male,True,,0,0,0,0,0,0,Associate
22349169,CHEF,2,0,0,None,True,US,0,0,0,0,0,0,Associate
11877150,FINANCE,1,0,0,None,True,,0,0,1,0,2,0,High school
86549455,FINANCE,5,0,0,None,True,,1,0,0,1,0,0,PhD
26530575,FINANCE,4,0,0,None,True,,0,0,0,0,0,0,Master
23955183,FINANCE,3,2,0,Female,True,,0,0,0,0,0,0,Bachelor
24854026,FINANCE,4,0,0,None,True,,0,0,0,0,0,0,Master
48285304,FINANCE,3,0,0,None,True,,0,0,0,0,0,0,Bachelor
14722634,FINANCE,0,0,0,None,True,Canada,0,0,0,0,0,0,None
27789372,FINANCE,3,0,0,None,True,,0,0,0,0,0,0,Bachelor
26767199,FINANCE,4,0,0,None,True,US,0,0,0,0,0,0,Master
15891494,FINANCE,3,0,0,None,True,UK,0,0,0,0,0,0,Bachelor
78229715,FINANCE,3,0,0,None,True,,0,0,0,0,0,0,Bachelor
22720697,FINANCE,1,0,0,None,True,,0,0,0,0,0,0,High school
70541112,FINANCE,4,0,0,None,True,US;Malaysia,0,0,0,0,0,0,Master
20705888,FINANCE,3,0,0,None,True,,0,0,1,0,0,0,Bachelor
28522529,FINANCE,3,0,0,None,True,,0,0,0,0,4,0,Bachelor
19147603,FINANCE,3,0,0,None,True,US;Philippines,0,0,0,0,0,0,Bachelor
11490673,FINANCE,3,0,0,None,True,US,0,0,0,0,0,0,Bachelor
84356308,FINANCE,3,0,0,None,True,UK;Nigeria,0,0,1,1,0,0,Bachelor
91564103,FINANCE,3,0,0,None,True,,0,0,0,0,0,0,Bachelor
22622351,FINANCE,3,0,0,None,True,,0,0,0,0,0,0,Bachelor
61634281,FINANCE,3,0,0,None,True,,0,0,0,0,0,0,Bachelor
24530382,FINANCE,3,0,0,None,True,US,0,0,0,0,0,0,Bachelor
27018361,FINANCE,0,0,0,None,False,,0,2,4,0,2,0,None
92524964,FINANCE,3,0,0,None,False,,0,2,4,0,2,0,Bachelor
19405513,FINANCE,3,0,0,None,True,,0,0,0,0,0,0,Bachelor
17775916,FINANCE,3,0,0,None,False,India,0,1,0,0,0,0,Bachelor
18975686,FINANCE,3,0,0,None,True,US,0,0,0,0,0,0,Bachelor
28758002,FINANCE,4,0,0,None,True,US,0,0,0,0,0,0,Master
59938965,FINANCE,3,0,0,None,True,,0,0,0,0,0,0,Bachelor
28396458,FINANCE,0,0,0,None,True,,0,0,0,0,0,0,None
27914096,FINANCE,3,0,0,None,True,,0,0,0,0,0,0,Bachelor
57088974,FINANCE,2,0,0,None,True,,0,0,0,0,0,0,Associate
26231609,FINANCE,3,0,0,None,True,,0,0,0,0,0,0,Bachelor
20836112,FINANCE,3,0,0,None,True,,0,0,0,0,0,0,Bachelor
28398216,FINANCE,3,0,0,None,True,US;Philippines,0,0,0,0,0,0,Bachelor
26961846,FINANCE,3,0,0,None,False,Philippines,0,0,0,0,0,0,Bachelor
37931076,FINANCE,2,0,0,None,True,,0,0,0,0,0,0,Associate
16426777,FINANCE,4,0,1,Male,True,Canada,0,0,0,0,0,0,Master
26750846,FINANCE,1,0,0,None,True,,0,0,0,0,0,2,High school
28623782,FINANCE,4,0,0,None,True,,0,0,0,0,0,0,Master
81677620,FINANCE,4,0,2,Male,False,US;India,0,2,4,0,4,0,Master
14413148,FINANCE,3,0,0,None,True,,0,0,4,0,0,0,Bachelor
76454959,FINANCE,3,0,1,Male,True,,0,0,0,0,0,0,Bachelor
11441764,FINANCE,4,0,0,None,True,,0,0,0,0,0,0,Master
24411323,FINANCE,0,0,0,None,True,,0,0,0,0,0,0,None
33685988,FINANCE,3,0,0,None,True,,0,0,0,0,0,0,Bachelor
62850928,FINANCE,3,0,0,None,True,,0,0,2,0,0,0,Bachelor
34250007,FINANCE,3,0,0,None,True,,0,0,0,0,0,0,Bachelor
74849878,FINANCE,3,0,0,None,True,,0,0,0,0,0,0,Bachelor
25497147,FINANCE,2,0,0,None,True,US,0,0,0,0,0,0,Associate
31948488,FINANCE,3,0,0,None,True,,0,0,0,0,0,0,Bachelor
18640927,FINANCE,0,0,1,Male,True,US,0,0,0,0,0,0,None
77638654,FINANCE,1,0,0,None,True,,0,0,0,0,0,1,High school
38441665,FINANCE,3,0,0,None,True,Philippines,0,0,0,0,0,0,Bachelor
18072085,FINANCE,1,0,1,Male,True,,0,1,2,0,1,0,High school
14408510,FINANCE,3,0,0,None,True,,0,0,0,0,0,0,Bachelor
12858898,FINANCE,4,0,0,None,True,,0,0,0,0,0,0,Master
24670867,FINANCE,3,0,0,None,True,,0,0,0,0,0,0,Bachelor
29648950,FINANCE,2,0,0,None,True,,0,0,0,0,0,0,Associate
27330027,FINANCE,4,0,0,None,True,US,0,0,0,0,0,0,Master
17880988,FINANCE,4,0,0,None,True,,0,0,0,0,0,0,Master
15011085,FINANCE,4,0,0,None,True,,0,0,0,0,0,0,Master
20977412,FINANCE,4,0,0,None,True,,0,0,0,0,0,0,Master
26013403,FINANCE,3,0,0,None,True,US,0,0,0,0,0,0,Bachelor
84373843,FINANCE,1,0,0,None,True,,0,0,0,0,0,0,High school
21912637,FINANCE,4,1,0,Female,True,US,0,0,0,0,0,0,Master
14181049,FINANCE,4,0,0,None,True,China,0,0,0,0,0,0,Master
29998869,FINANCE,0,0,0,None,True,,0,0,0,0,0,0,None
18024825,FINANCE,5,0,0,None,True,US;India,0,0,0,0,0,0,PhD
28973180,FINANCE,4,0,0,None,True,,0,0,0,0,0,0,Master
23573064,FINANCE,3,0,0,None,True,,0,1,2,0,1,0,Bachelor
10549585,FINANCE,3,0,0,None,True,,0,0,0,0,0,0,Bachelor
23354541,FINANCE,3,0,0,None,True,,0,0,0,0,0,0,Bachelor
29494962,FINANCE,4,0,1,Male,True,US,0,0,0,0,0,0,Master
81217013,FINANCE,4,0,0,None,True,US,0,0,0,0,0,0,Master
39675895,FINANCE,4,0,0,None,True,,0,0,0,0,0,0,Master
12071138,FINANCE,4,0,0,None,True,,0,0,0,1,0,0,Master
25330083,FINANCE,3,0,0,None,True,,0,0,0,0,0,0,Bachelor
69487178,FINANCE,4,0,0,None,True,,0,0,0,1,0,0,Master
86595128,FINANCE,4,0,0,None,True,,0,0,1,0,0,0,Master
74512244,FINANCE,4,0,0,None,True,Nigeria,0,0,0,0,0,0,Master
25678238,FINANCE,4,0,1,Male,True,,0,0,0,0,0,0,Master
38907798,FINANCE,4,0,0,None,True,,0,0,0,0,0,0,Master
58165257,FINANCE,3,0,2,Male,True,,0,0,0,0,0,0,Bachelor
93653247,FINANCE,4,0,0,None,True,,0,0,1,0,0,0,Master
29612672,FINANCE,4,0,0,None,True,,0,0,0,0,0,0,Master
66741193,FINANCE,4,0,0,None,True,US;Canada;China,0,0,0,0,0,0,Master
24553863,FINANCE,3,0,0,None,True,US;UK;Canada,0,0,3,0,0,0,Bachelor
16449850,FINANCE,2,0,0,None,True,,0,0,0,0,0,0,Associate
47410104,FINANCE,4,0,0,None,True,,0,0,0,0,0,0,Master
38225199,FINANCE,1,0,0,None,True,US,0,0,0,0,0,0,High school
14106638,FINANCE,3,0,0,None,True,,0,0,0,0,0,0,Bachelor
19243556,FINANCE,3,0,0,None,True,US,0,0,0,0,0,0,Bachelor
20880935,FINANCE,3,0,0,None,True,,0,0,0,0,0,0,Bachelor
95519832,FINANCE,3,0,0,None,True,US;India,0,1,2,0,1,0,Bachelor
39295103,FINANCE,2,0,0,None,True,,0,0,0,0,0,0,Associate
25101183,FINANCE,4,0,0,None,True,,0,0,1,0,0,0,Master
88038965,FINANCE,3,0,0,None,True,,0,0,0,0,0,0,Bachelor
17392859,FINANCE,4,0,0,None,True,US,0,0,0,0,0,0,Master
20969845,FINANCE,4,0,0,None,True,US,0,0,0,0,0,0,Master
20275356,FINANCE,3,0,0,None,True,,0,0,0,0,0,0,Bachelor
59818742,FINANCE,4,0,0,None,True,US;India,0,2,0,0,2,0,Master
72136463,FINANCE,4,0,0,None,True,,0,0,0,0,0,0,Master
98513424,FINANCE,4,0,0,None,True,Germany,0,0,0,0,0,0,Master
15717923,FINANCE,4,0,0,None,False,India,0,2,5,0,1,0,Master
24833063,FINANCE,3,0,0,None,False,US,0,0,0,0,0,0,Bachelor
15792052,FINANCE,3,0,1,Male,True,,0,0,0,0,0,0,Bachelor
59450123,FINANCE,4,0,0,None,True,,0,0,0,0,0,0,Master
24611721,FINANCE,4,0,0,None,True,,0,0,0,0,0,0,Master
15224503,FINANCE,0,0,0,None,True,,0,0,1,0,0,0,None
27409087,FINANCE,1,0,0,None,True,,0,0,0,0,0,0,High school
20918464,FINANCE,4,0,0,None,True,India,0,1,1,0,2,0,Master
19540089,FINANCE,4,0,0,None,True,China,0,0,0,0,0,0,Master
28724469,FINANCE,3,0,0,None,True,,0,0,0,0,0,0,Bachelor
18636651,FINANCE,3,0,0,None,True,US,0,0,0,0,0,0,Bachelor
59777056,FINANCE,3,0,0,None,True,,0,0,0,0,0,0,Bachelor
22492537,FINANCE,3,0,0,None,True,US,0,0,1,0,0,0,Bachelor
24967652,FINANCE,3,0,0,None,True,,0,0,0,0,0,0,Bachelor
24533931,APPAREL,0,0,0,None,True,,0,0,0,0,0,0,None
21807211,APPAREL,1,0,0,None,True,,0,0,0,0,0,0,High school
71767359,APPAREL,3,5,3,Female,True,US;India;China,0,0,0,0,0,0,Bachelor
27694040,APPAREL,3,0,0,None,True,,0,0,0,0,0,0,Bachelor
15535408,APPAREL,1,0,0,None,True,,0,0,0,0,0,0,High school
13386301,APPAREL,3,0,0,None,True,,0,0,1,0,0,0,Bachelor
27091280,APPAREL,2,2,0,Female,True,US,0,0,2,0,0,0,Associate
14413257,APPAREL,3,0,0,None,True,,0,0,0,0,0,0,Bachelor
11677077,APPAREL,1,0,0,None,True,US,0,0,1,0,0,0,High school
29521434,APPAREL,2,0,0,None,True,US,0,0,3,0,0,0,Associate
50324968,APPAREL,3,0,0,None,True,,0,0,0,0,0,1,Bachelor
13764840,APPAREL,3,1,2,Male,True,,0,0,0,0,0,0,Bachelor
19070271,APPAREL,0,0,0,None,True,US,0,0,0,0,0,0,None
56151548,APPAREL,3,0,0,None,True,,0,0,0,0,0,0,Bachelor
16391949,APPAREL,2,0,0,None,True,US,0,0,0,0,0,0,Associate
13418452,APPAREL,4,0,0,None,True,,0,0,0,0,0,0,Master
27099856,APPAREL,3,7,6,Female,True,India,0,0,0,0,0,0,Bachelor
26046878,APPAREL,3,0,0,None,True,,0,0,0,0,0,0,Bachelor
35121930,APPAREL,3,0,0,None,True,,0,0,1,0,0,0,Bachelor
10182582,APPAREL,0,0,0,None,True,,0,0,0,0,0,0,None
12669075,APPAREL,1,0,0,None,True,,0,0,0,0,0,0,High school
16915389,APPAREL,3,2,0,Female,True,,0,0,0,0,0,0,Bachelor
12668625,APPAREL,1,0,0,None,True,US,0,0,9,1,0,0,High school
14698557,APPAREL,2,0,0,None,True,,0,0,0,0,0,0,Associate
27549075,APPAREL,3,1,0,Female,True,,0,0,0,0,0,1,Bachelor
31225895,APPAREL,1,1,0,Female,True,,0,0,0,0,0,0,High school
15479281,APPAREL,3,0,0,None,True,Canada,0,0,0,0,0,0,Bachelor
26691587,APPAREL,1,0,0,None,True,,0,0,3,1,0,0,High school
11232471,APPAREL,4,0,0,None,True,US,0,0,0,0,0,0,Master
21007083,APPAREL,2,0,0,None,True,,0,0,0,0,0,0,Associate
20905088,APPAREL,4,0,0,None,True,US,0,0,0,0,0,0,Master
16723524,APPAREL,4,0,0,None,True,India;Canada,0,0,1,0,0,0,Master
14937492,APPAREL,3,0,0,None,True,,0,0,0,0,0,0,Bachelor
72807293,APPAREL,3,0,0,None,True,,0,0,0,0,0,0,Bachelor
30344127,APPAREL,0,2,0,Female,True,,0,0,0,0,0,0,None
23719943,APPAREL,3,0,1,Male,True,,0,0,4,0,0,0,Bachelor
58208591,APPAREL,2,1,1,None,True,US,0,0,0,0,0,0,Associate
15154822,APPAREL,2,0,0,None,True,,0,0,0,0,0,0,Associate
46514339,APPAREL,2,0,0,None,True,Canada,0,0,0,0,0,0,Associate
11409460,APPAREL,3,0,0,None,True,,0,0,0,0,0,0,Bachelor
99806115,APPAREL,1,0,0,None,True,,0,0,1,0,0,0,High school
29640922,APPAREL,1,1,0,Female,True,Canada,0,0,0,0,0,0,High school
12860543,APPAREL,3,1,1,None,True,UK,0,0,1,0,0,0,Bachelor
29764492,APPAREL,2,0,2,Male,True,,0,0,0,0,0,0,Associate
91533580,APPAREL,3,2,0,Female,True,,0,0,0,0,0,0,Bachelor
13807808,APPAREL,3,0,0,None,True,,0,0,0,0,0,0,Bachelor
16605640,APPAREL,4,0,0,None,True,,0,0,0,0,0,0,Master
17714174,APPAREL,3,0,0,None,True,US,0,0,0,0,0,0,Bachelor
28998957,APPAREL,3,0,0,None,True,,0,0,0,0,0,0,Bachelor
71499299,APPAREL,0,0,0,None,True,US,0,0,0,0,0,0,None
30430249,APPAREL,1,0,0,None,True,,0,0,0,0,0,0,High school
10876132,APPAREL,3,0,0,None,True,,0,0,0,0,0,0,Bachelor
18509268,APPAREL,3,0,0,None,True,,0,0,0,0,0,0,Bachelor
35571205,APPAREL,1,0,0,None,True,,0,0,0,0,0,0,High school
23190306,APPAREL,2,1,1,None,True,,0,0,0,0,0,0,Associate
29028935,APPAREL,2,1,1,None,True,,0,0,0,0,0,0,Associate
12059610,APPAREL,0,0,0,None,True,,0,0,0,0,0,0,None
26829561,APPAREL,4,0,0,None,True,,0,0,0,0,0,0,Master
78273826,APPAREL,3,1,0,Female,True,US,0,0,0,0,0,0,Bachelor
27176039,APPAREL,0,0,0,None,True,,0,0,0,0,0,0,None
22249155,APPAREL,1,0,0,None,True,,0,0,0,0,0,0,High school
25142074,APPAREL,3,0,0,None,True,,0,0,0,0,0,0,Bachelor
19402977,APPAREL,0,0,0,None,True,,0,0,0,0,0,0,None
13858219,APPAREL,0,0,0,None,True,,0,0,0,0,0,0,None
15746146,APPAREL,3,1,7,Male,True,,0,0,0,0,0,0,Bachelor
17659053,APPAREL,2,0,0,None,True,,0,0,1,0,0,0,Associate
26586477,APPAREL,3,1,0,Female,True,,0,0,1,0,0,0,Bachelor
37750854,APPAREL,0,5,1,Female,True,,0,0,0,0,0,0,None
33665485,APPAREL,3,1,3,Male,True,India;China,0,0,0,0,0,0,Bachelor
26098594,APPAREL,1,0,0,None,True,,0,0,1,0,0,0,High school
91026230,APPAREL,4,0,0,None,True,,0,0,2,0,0,0,Master
16985289,APPAREL,4,0,0,None,True,UK,0,0,0,0,0,0,Master
54308684,APPAREL,3,1,1,None,True,,0,0,0,0,0,0,Bachelor
10562768,APPAREL,4,0,0,None,True,US,0,0,0,0,0,0,Master
41586420,APPAREL,3,0,0,None,True,India,0,1,2,0,1,0,Bachelor
21570485,APPAREL,3,0,0,None,True,,0,0,0,0,0,0,Bachelor
12122372,APPAREL,3,1,1,None,True,,0,0,0,0,0,0,Bachelor
14304010,APPAREL,3,0,1,Male,True,,0,0,0,0,0,0,Bachelor
36136569,APPAREL,3,0,0,None,True,China,0,0,0,0,0,0,Bachelor
35603950,APPAREL,3,0,0,None,True,,0,0,0,0,0,0,Bachelor
52252936,APPAREL,1,0,0,None,True,US,0,1,2,0,1,1,High school
70750649,APPAREL,4,1,0,Female,True,UK,0,0,0,0,0,0,Master
43852883,APPAREL,4,0,0,None,True,,0,0,0,0,0,0,Master
31761591,APPAREL,3,3,1,Female,True,US;Germany,0,0,0,0,0,0,Bachelor
31362807,APPAREL,1,0,2,Male,True,US,0,0,0,0,0,0,High school
24516163,APPAREL,3,0,0,None,True,,0,0,1,0,0,0,Bachelor
20504094,APPAREL,0,0,0,None,True,,0,0,0,0,0,0,None
24989856,APPAREL,2,0,0,None,True,US,0,0,0,0,0,0,Associate
16500168,APPAREL,3,0,0,None,True,Canada,0,0,0,0,0,0,Bachelor
35985133,APPAREL,3,0,0,None,True,,0,0,0,0,0,0,Bachelor
22852364,APPAREL,4,0,0,None,True,,0,0,0,0,0,0,Master
83566455,APPAREL,4,0,0,None,True,,0,0,0,0,0,0,Master
10738095,APPAREL,2,0,0,None,True,US,0,0,0,0,0,0,Associate
36094883,APPAREL,4,0,0,None,True,US,0,0,0,0,0,0,Master
19714635,APPAREL,3,0,0,None,True,,0,0,0,0,0,0,Bachelor
56025640,APPAREL,1,0,0,None,True,US,0,0,1,0,0,0,High school
25543217,APPAREL,1,1,0,Female,True,,0,0,0,0,0,0,High school
14206561,ENGINEERING,0,0,0,None,True,,0,0,0,0,0,0,None
15139979,ENGINEERING,1,0,0,None,True,US,0,0,0,0,0,0,High school
44624796,ENGINEERING,0,0,0,None,True,,0,0,0,0,0,0,None
54227873,ENGINEERING,1,0,0,None,False,,0,0,0,2,0,0,High school
28005884,ENGINEERING,0,0,0,None,True,,0,0,0,0,0,0,None
82246962,ENGINEERING,2,0,0,None,True,,0,0,0,0,0,0,Associate
13149176,ENGINEERING,3,0,0,None,True,,0,0,0,0,0,0,Bachelor
12022566,ENGINEERING,4,0,0,None,True,India,0,0,1,0,0,0,Master
20981299,ENGINEERING,4,0,0,None,True,,0,0,1,0,0,0,Master
25919149,ENGINEERING,2,0,0,None,True,US,0,0,0,0,0,0,Associate
86828820,ENGINEERING,4,0,0,None,True,,0,0,0,0,0,0,Master
28320387,ENGINEERING,3,0,2,Male,True,,0,0,0,0,0,1,Bachelor
27756469,ENGINEERING,4,0,0,None,True,,0,0,0,0,0,0,Master
14049846,ENGINEERING,4,0,1,Male,True,,0,0,0,1,0,0,Master
43752620,ENGINEERING,4,0,0,None,True,India,0,0,0,0,0,0,Master
74236636,ENGINEERING,3,0,0,None,True,,0,0,0,0,0,0,Bachelor
47549345,ENGINEERING,4,0,0,None,True,India,0,0,0,0,0,0,Master
28505854,ENGINEERING,4,0,0,None,True,US;India,0,0,0,0,0,0,Master
38535335,ENGINEERING,2,0,0,None,True,US,0,0,0,0,0,0,Associate
25608963,ENGINEERING,1,0,0,None,True,,0,0,0,0,0,0,High school
24647794,ENGINEERING,4,0,0,None,True,,0,0,0,4,0,0,Master
16803215,ENGINEERING,1,1,1,None,True,,0,0,0,0,0,0,High school
37335325,ENGINEERING,4,0,0,None,True,India,0,0,0,0,0,0,Master
81125166,ENGINEERING,3,0,0,None,True,,0,0,0,0,0,0,Bachelor
32081266,ENGINEERING,4,0,0,None,True,,0,0,0,0,0,0,Master
25797445,ENGINEERING,2,0,0,None,True,,0,0,0,0,0,0,Associate
28831378,ENGINEERING,3,0,0,None,True,,0,0,0,0,0,0,Bachelor
50328713,ENGINEERING,5,0,0,None,True,US,0,0,0,0,0,0,PhD
27040860,ENGINEERING,3,0,0,None,True,,0,0,0,0,0,0,Bachelor
21807224,ENGINEERING,0,0,0,None,True,,0,0,0,0,0,0,None
17926546,ENGINEERING,2,0,0,None,True,US,0,0,0,0,0,0,Associate
20882041,ENGINEERING,3,0,0,None,True,,0,0,0,0,0,0,Bachelor
56691064,ENGINEERING,3,0,0,None,False,,0,0,0,0,0,0,Bachelor
64755882,ENGINEERING,4,0,0,None,True,US;India,0,0,0,0,0,0,Master
30097175,ENGINEERING,3,0,1,Male,True,,0,0,0,0,0,0,Bachelor
28628090,ENGINEERING,3,0,0,None,True,,0,0,0,0,1,0,Bachelor
19612167,ENGINEERING,1,0,0,None,True,US,0,0,0,0,0,0,High school
21298336,ENGINEERING,3,0,0,None,True,,0,0,0,0,0,0,Bachelor
25930778,ENGINEERING,0,0,0,None,True,,0,0,0,0,0,0,None
31684925,ENGINEERING,3,0,0,None,True,,0,0,0,0,0,0,Bachelor
39855211,ENGINEERING,1,0,0,None,True,,0,0,0,0,0,0,High school
12518008,ENGINEERING,3,0,0,None,True,,0,0,0,0,0,0,Bachelor
20566550,ENGINEERING,3,0,0,None,True,,0,0,1,0,0,1,Bachelor
55953734,ENGINEERING,4,0,0,None,True,,0,0,0,0,0,0,Master
23234047,ENGINEERING,3,0,0,None,True,Malaysia,0,0,0,0,0,0,Bachelor
38314236,ENGINEERING,0,0,0,None,True,,0,0,0,0,0,0,None
25425322,ENGINEERING,4,0,0,None,True,US,0,0,0,0,0,0,Master
55595908,ENGINEERING,3,1,1,None,True,,0,0,0,0,0,0,Bachelor
28631840,ENGINEERING,4,0,0,None,True,,0,0,0,0,0,0,Master
23438227,ENGINEERING,1,0,0,None,True,,0,0,0,0,0,0,High school
35737840,ENGINEERING,1,0,0,None,True,,0,0,0,0,0,0,High school
90280583,ENGINEERING,4,0,0,None,True,,0,0,0,0,0,0,Master
51588273,ENGINEERING,0,0,0,None,True,,0,0,0,0,0,0,None
15601399,ENGINEERING,3,0,0,None,True,,0,0,0,0,0,0,Bachelor
64468610,ENGINEERING,4,0,0,None,True,India,0,0,0,0,0,0,Master
28078163,ENGINEERING,4,0,0,None,True,India,0,0,0,0,0,0,Master
31677347,ENGINEERING,4,0,0,None,True,India,0,0,0,0,0,0,Master
28762662,ENGINEERING,4,0,0,None,True,India,0,0,0,0,0,0,Master
15858254,ENGINEERING,2,0,0,None,True,,0,0,0,0,0,0,Associate
16911115,ENGINEERING,4,0,0,None,True,,0,0,0,0,0,0,Master
27152464,ENGINEERING,4,0,0,None,True,US,0,0,0,0,0,0,Master
35651876,ENGINEERING,2,0,0,None,True,,0,0,1,0,0,0,Associate
19124258,ENGINEERING,3,0,0,None,True,,0,0,0,0,0,0,Bachelor
24322804,ENGINEERING,3,0,0,None,True,,0,0,0,0,0,0,Bachelor
12488356,ENGINEERING,5,0,0,None,True,,0,0,0,0,0,0,PhD
26834746,ENGINEERING,0,0,0,None,True,,0,0,0,0,0,0,None
32985311,ENGINEERING,0,0,0,None,True,India,0,0,0,0,0,0,None
39835894,ENGINEERING,3,0,1,Male,False,US;India,0,0,0,0,0,0,Bachelor
21847415,ENGINEERING,3,0,0,None,True,US,0,0,1,0,0,0,Bachelor
30288581,ENGINEERING,4,0,0,None,False,,0,0,0,0,0,0,Master
36149549,ENGINEERING,0,0,0,None,True,,0,0,0,0,0,0,None
17103000,ENGINEERING,4,0,0,None,True,US;UK,0,0,0,0,0,0,Master
12011623,ENGINEERING,4,0,0,None,True,US,0,0,0,0,0,0,Master
12748557,ENGINEERING,3,0,0,None,True,,0,0,1,0,0,0,Bachelor
28923650,ENGINEERING,5,0,0,None,True,,0,0,0,0,0,0,PhD
30542184,ENGINEERING,1,0,0,None,True,,0,0,0,0,0,0,High school
19396040,ENGINEERING,4,0,0,None,True,US;India,0,0,1,0,0,0,Master
35389360,ENGINEERING,2,0,0,None,True,,0,0,0,0,0,0,Associate
36517781,ENGINEERING,3,0,0,None,True,,0,0,0,0,0,0,Bachelor
15941675,ENGINEERING,3,0,0,None,True,,0,0,0,0,0,0,Bachelor
19397727,ENGINEERING,3,0,0,None,True,,0,0,0,0,0,0,Bachelor
47919212,ENGINEERING,5,0,0,None,True,India,0,0,0,0,0,0,PhD
10712803,ENGINEERING,1,0,0,None,True,US,0,0,0,0,0,0,High school
14554542,ENGINEERING,1,0,29,Male,True,,0,0,0,0,0,0,High school
22605864,ENGINEERING,3,0,0,None,False,US;India,0,0,0,0,0,0,Bachelor
49127329,ENGINEERING,4,0,0,None,True,India,0,0,0,0,0,0,Master
10219099,ENGINEERING,1,0,0,None,True,US,0,0,0,0,0,0,High school
82125182,ENGINEERING,3,0,1,Male,True,US,0,0,0,0,0,0,Bachelor
22890839,ENGINEERING,0,0,0,None,True,,0,0,0,0,0,0,None
17108676,ENGINEERING,0,0,0,None,True,,0,0,4,4,0,0,None
17488801,ENGINEERING,3,0,0,None,True,US,0,0,0,0,0,0,Bachelor
23497307,ENGINEERING,3,0,0,None,True,,0,0,0,0,0,0,Bachelor
19553067,ENGINEERING,3,0,0,None,True,,0,0,0,0,0,0,Bachelor
11981094,ENGINEERING,4,0,0,None,True,India,0,0,1,0,0,0,Master
17043822,ENGINEERING,1,0,0,None,True,,0,0,0,0,0,0,High school
21038022,ENGINEERING,4,0,0,None,True,,0,0,0,0,0,0,Master
60004873,ENGINEERING,4,0,0,None,True,US,0,0,0,0,0,0,Master
38220146,ENGINEERING,1,0,0,None,True,,0,0,0,1,0,0,High school
47276718,ENGINEERING,0,0,0,None,True,,0,0,0,0,0,0,None
28630325,ENGINEERING,2,0,0,None,True,,0,0,0,0,0,0,Associate
13264796,ENGINEERING,4,0,0,None,True,,0,0,2,0,0,0,Master
96029688,ENGINEERING,4,0,0,None,True,,0,0,0,0,0,0,Master
32802563,ENGINEERING,3,0,0,None,True,,0,0,0,0,0,0,Bachelor
18753367,ENGINEERING,4,0,0,None,True,,0,0,0,0,0,0,Master
26456899,ENGINEERING,3,0,0,None,True,,0,0,0,0,0,0,Bachelor
10985403,ENGINEERING,5,0,0,None,True,India,0,0,0,0,0,0,PhD
10030015,ENGINEERING,0,0,0,None,True,,0,0,0,0,0,0,None
86209934,ENGINEERING,3,0,0,None,True,,0,0,0,0,0,0,Bachelor
11890896,ENGINEERING,4,0,0,None,True,,0,0,0,0,0,0,Master
10624813,ENGINEERING,4,0,0,None,True,China;Germany,0,0,0,0,0,0,Master
61579998,ENGINEERING,3,0,0,None,True,,0,0,0,0,0,0,Bachelor
62071407,ENGINEERING,3,0,0,None,True,US,0,0,0,0,0,0,Bachelor
12472574,ENGINEERING,0,0,0,None,True,,0,0,1,0,0,0,None
31694970,ENGINEERING,4,0,0,None,True,,1,0,0,0,0,0,Master
33685075,ENGINEERING,4,0,0,None,True,US,0,0,3,0,0,0,Master
77828437,ENGINEERING,4,0,0,None,True,,0,0,0,0,0,0,Master
35172961,ENGINEERING,5,0,0,None,True,,0,0,0,0,0,0,PhD
21629057,ENGINEERING,2,0,0,None,True,,0,0,0,0,0,1,Associate
15906625,ACCOUNTANT,3,0,0,None,True,,0,0,0,0,0,0,Bachelor
30361788,ACCOUNTANT,3,0,0,None,True,,0,0,0,0,0,0,Bachelor
21031285,ACCOUNTANT,4,1,0,Female,True,,0,0,0,0,0,0,Master
25749150,ACCOUNTANT,3,0,0,None,True,,0,0,0,0,0,0,Bachelor
12338274,ACCOUNTANT,4,0,0,None,True,India,0,0,0,0,0,0,Master
33527446,ACCOUNTANT,3,0,0,None,True,,0,0,0,0,0,0,Bachelor
12442909,ACCOUNTANT,3,0,0,None,True,,0,0,0,0,0,0,Bachelor
37997506,ACCOUNTANT,4,0,0,None,True,,0,0,0,0,0,0,Master
37370455,ACCOUNTANT,3,0,0,None,True,US;Malaysia,0,1,0,0,0,0,Bachelor
10554236,ACCOUNTANT,3,0,0,None,True,US,0,0,0,0,0,0,Bachelor
31602598,ACCOUNTANT,3,0,0,None,True,US,0,0,0,0,0,0,Bachelor
19545827,ACCOUNTANT,4,0,0,None,True,,0,0,0,2,0,0,Master
14470533,ACCOUNTANT,1,0,0,None,True,,0,0,0,0,0,0,High school
43685045,ACCOUNTANT,3,0,0,None,True,,0,0,0,0,0,0,Bachelor
18365791,ACCOUNTANT,3,0,0,None,True,,0,0,0,0,0,0,Bachelor
14224370,ACCOUNTANT,3,0,0,None,True,,0,0,0,0,0,0,Bachelor
21794875,ACCOUNTANT,4,0,0,None,True,US,0,0,1,3,0,0,Master
23734441,ACCOUNTANT,0,0,0,None,True,,0,0,0,0,0,0,None
39115899,ACCOUNTANT,4,0,0,None,True,US;Canada,0,0,0,0,0,0,Master
23139819,ACCOUNTANT,4,0,0,None,True,,0,0,0,0,0,0,Master
42487883,ACCOUNTANT,3,0,0,None,True,,0,0,0,0,0,0,Bachelor
23636277,ACCOUNTANT,3,0,0,None,False,US;India,0,0,0,0,0,0,Bachelor
21338490,ACCOUNTANT,4,0,0,None,True,US,0,0,0,0,0,0,Master
14491649,ACCOUNTANT,4,0,0,None,True,,0,0,0,0,0,0,Master
17407184,ACCOUNTANT,4,0,0,None,True,,0,0,0,0,0,0,Master
30813919,ACCOUNTANT,0,0,0,None,True,UK,0,1,1,0,0,0,None
78403342,ACCOUNTANT,3,0,0,None,True,,0,0,0,0,0,0,Bachelor
20393721,ACCOUNTANT,4,0,0,None,True,,0,0,0,0,0,1,Master
24817041,ACCOUNTANT,4,0,0,None,True,,0,0,0,0,0,0,Master
27980446,ACCOUNTANT,3,0,0,None,True,,0,0,0,0,0,0,Bachelor
25462793,ACCOUNTANT,4,0,0,None,True,,0,0,0,0,0,0,Master
29456173,ACCOUNTANT,4,1,0,Female,True,,0,0,0,0,0,0,Master
59403481,ACCOUNTANT,3,0,0,None,True,,0,0,0,0,0,0,Bachelor
13491889,ACCOUNTANT,4,0,0,None,True,US,0,0,0,0,0,0,Master
25846894,ACCOUNTANT,3,0,0,None,True,,0,0,0,0,0,0,Bachelor
53640713,ACCOUNTANT,4,0,0,None,False,India,0,2,4,2,4,0,Master
11163645,ACCOUNTANT,0,0,0,None,True,,0,0,0,0,0,1,None
23513618,ACCOUNTANT,4,0,0,None,True,,0,0,0,0,0,0,Master
75286906,ACCOUNTANT,3,0,0,None,True,,0,0,0,0,0,0,Bachelor
20253563,ACCOUNTANT,3,0,0,None,True,India,0,0,0,0,0,0,Bachelor
16237710,ACCOUNTANT,3,0,0,None,True,,0,1,1,0,1,0,Bachelor
13294301,ACCOUNTANT,3,0,0,None,True,,0,0,0,0,0,0,Bachelor
13130984,ACCOUNTANT,4,0,0,None,True,,0,0,0,8,0,0,Master
25127518,ACCOUNTANT,2,0,0,None,True,,0,0,0,0,0,0,Associate
24799301,ACCOUNTANT,3,0,0,None,True,,0,0,0,0,0,0,Bachelor
25067742,ACCOUNTANT,3,0,0,None,True,,0,0,0,0,0,0,Bachelor
15821633,ACCOUNTANT,3,0,0,None,True,,0,0,0,0,0,0,Bachelor
15363277,ACCOUNTANT,4,0,0,None,True,,0,0,0,0,0,0,Master
18132924,ACCOUNTANT,4,0,0,None,True,,0,0,0,0,0,0,Master
63137898,ACCOUNTANT,3,0,0,None,True,US,0,0,0,0,0,0,Bachelor
21763056,ACCOUNTANT,4,0,0,None,True,India,0,0,0,0,0,0,Master
20624984,ACCOUNTANT,4,0,0,None,False,Canada,0,0,0,0,0,0,Master
25935030,ACCOUNTANT,2,0,0,None,True,,0,0,0,0,0,0,Associate
17556527,ACCOUNTANT,4,0,0,None,False,India,0,0,0,0,2,0,Master
28939941,ACCOUNTANT,4,0,0,None,False,,0,2,4,0,0,0,Master
28359817,ACCOUNTANT,3,0,0,None,True,US,0,0,0,0,0,0,Bachelor
20345168,ACCOUNTANT,3,0,0,None,True,US,0,0,0,1,0,0,Bachelor
14496667,ACCOUNTANT,3,0,0,None,True,,0,0,0,0,0,1,Bachelor
25862026,ACCOUNTANT,4,0,0,None,True,,0,0,0,0,0,0,Master
23246831,ACCOUNTANT,3,0,0,None,True,,0,0,0,0,0,0,Bachelor
49204385,ACCOUNTANT,4,0,0,None,True,,0,0,0,0,0,0,Master
12802330,ACCOUNTANT,0,0,0,None,True,,0,0,0,0,0,0,None
22925443,ACCOUNTANT,3,0,0,None,True,US,0,0,0,0,0,0,Bachelor
28614791,ACCOUNTANT,1,0,0,None,True,US,0,0,0,0,0,0,High school
30304575,ACCOUNTANT,4,0,0,None,True,,0,0,0,0,0,0,Master
26065877,ACCOUNTANT,3,0,0,None,True,,0,0,0,0,0,0,Bachelor
29821051,ACCOUNTANT,3,0,0,None,True,US,0,0,0,0,0,0,Bachelor
29999135,ACCOUNTANT,3,0,0,None,True,,0,0,0,0,0,0,Bachelor
21853199,ACCOUNTANT,3,0,0,None,True,,0,0,0,0,0,0,Bachelor
39674178,ACCOUNTANT,3,0,0,None,True,US,0,0,0,0,0,0,Bachelor
14449423,ACCOUNTANT,3,0,0,None,True,,0,0,0,0,0,0,Bachelor
25547145,ACCOUNTANT,1,0,0,None,True,,0,0,0,0,0,0,High school
14055988,ACCOUNTANT,4,0,0,None,True,,0,0,0,0,0,0,Master
27637576,ACCOUNTANT,1,0,0,None,True,,0,0,0,0,0,0,High school
49997097,ACCOUNTANT,3,0,0,None,True,,0,0,0,0,0,0,Bachelor
27558837,ACCOUNTANT,3,0,0,None,True,,0,0,0,0,0,0,Bachelor
14126433,ACCOUNTANT,4,0,0,None,True,US,0,0,0,0,0,0,Master
34198885,ACCOUNTANT,4,0,0,None,True,,0,0,0,0,0,0,Master
62809577,ACCOUNTANT,0,0,0,None,True,,0,0,0,0,0,0,None
12065211,ACCOUNTANT,3,0,0,None,True,,1,0,0,0,0,0,Bachelor
23416654,ACCOUNTANT,3,0,0,None,True,,0,0,0,0,0,0,Bachelor
38847011,ACCOUNTANT,4,0,0,None,True,US,0,0,0,0,0,0,Master
27573855,ACCOUNTANT,3,0,0,None,True,,0,0,0,0,0,0,Bachelor
15592167,ACCOUNTANT,4,0,0,None,True,,1,0,0,0,0,0,Master
20082776,ACCOUNTANT,3,0,0,None,True,US,0,0,0,0,0,0,Bachelor
10674770,ACCOUNTANT,3,0,0,None,True,,0,0,0,0,0,0,Bachelor
24294778,ACCOUNTANT,3,0,0,None,True,US,0,0,0,0,0,0,Bachelor
11759079,ACCOUNTANT,3,0,1,Male,True,US,0,0,2,0,0,0,Bachelor
18669563,ACCOUNTANT,4,0,0,None,False,,0,0,0,0,0,0,Master
18569929,ACCOUNTANT,4,0,0,None,True,,0,0,0,0,0,0,Master
80053367,ACCOUNTANT,3,0,0,None,True,US,0,0,0,0,0,0,Bachelor
87635012,ACCOUNTANT,4,0,0,None,True,,0,0,0,0,0,0,Master
24703009,ACCOUNTANT,3,3,0,Female,True,US,0,0,0,0,0,0,Bachelor
25867805,ACCOUNTANT,4,0,0,None,True,US,0,0,0,0,0,0,Master
35554162,ACCOUNTANT,4,0,0,None,True,,0,0,0,0,0,0,Master
13701259,ACCOUNTANT,3,0,0,None,True,,0,0,0,0,0,0,Bachelor
12202337,ACCOUNTANT,4,0,0,None,True,US;India,0,0,0,0,0,0,Master
19446337,ACCOUNTANT,4,0,0,None,True,US,0,0,0,0,0,0,Master
15289348,ACCOUNTANT,4,0,0,None,True,US,0,0,0,0,0,1,Master
28969385,ACCOUNTANT,4,0,0,None,True,,0,0,0,0,0,0,Master
36425270,ACCOUNTANT,3,0,0,None,True,,0,0,0,0,0,0,Bachelor
78257294,ACCOUNTANT,3,0,0,None,True,Canada,0,0,0,0,0,0,Bachelor
23438112,ACCOUNTANT,4,0,0,None,True,,0,0,0,0,0,0,Master
98559931,ACCOUNTANT,3,0,0,None,True,,0,0,0,0,0,1,Bachelor
17306905,ACCOUNTANT,3,0,0,None,True,,0,0,4,0,0,0,Bachelor
12780508,ACCOUNTANT,3,0,0,None,True,,0,0,0,0,0,0,Bachelor
26975573,ACCOUNTANT,4,0,0,None,True,,0,0,0,0,0,0,Master
28298773,ACCOUNTANT,4,0,0,None,True,,0,0,0,0,0,0,Master
29050809,ACCOUNTANT,4,0,0,None,True,Philippines,0,0,0,0,0,0,Master
34816637,ACCOUNTANT,0,0,0,None,True,,0,0,0,0,0,0,None
22465498,ACCOUNTANT,1,0,0,None,False,,0,0,0,0,0,0,High school
24103168,ACCOUNTANT,3,0,0,None,True,UK,0,0,0,0,0,0,Bachelor
36024962,ACCOUNTANT,3,0,0,None,True,,0,0,0,0,0,0,Bachelor
18635654,ACCOUNTANT,0,0,0,None,False,,0,0,4,0,0,0,None
50222417,ACCOUNTANT,4,0,0,None,True,,0,0,0,0,0,0,Master
23387174,ACCOUNTANT,3,0,0,None,False,,0,0,0,0,0,0,Bachelor
13072019,ACCOUNTANT,0,0,0,None,True,,0,0,0,0,0,0,None
82649935,ACCOUNTANT,3,0,0,None,True,,0,0,0,0,0,0,Bachelor
99433371,CONSTRUCTION,3,0,0,None,True,,0,0,0,0,0,0,Bachelor
10734870,CONSTRUCTION,0,0,0,None,True,,0,0,0,0,0,0,None
18472240,CONSTRUCTION,1,0,0,None,True,,0,0,0,0,0,0,High school
71576860,CONSTRUCTION,1,0,0,None,True,US,0,0,0,0,0,0,High school
29087505,CONSTRUCTION,0,0,0,None,True,,0,0,0,0,0,0,None
22965804,CONSTRUCTION,3,0,0,None,True,,0,0,0,0,0,0,Bachelor
33141415,CONSTRUCTION,3,0,0,None,True,US,0,0,0,0,0,1,Bachelor
26509539,CONSTRUCTION,1,0,0,None,True,,0,0,0,0,0,0,High school
36331163,CONSTRUCTION,1,0,0,None,False,,0,0,0,0,0,0,High school
25656981,CONSTRUCTION,4,0,0,None,True,,0,0,1,0,0,0,Master
26091595,CONSTRUCTION,1,0,0,None,True,,0,0,0,0,0,0,High school
11393213,CONSTRUCTION,2,0,0,None,True,,0,0,0,0,0,0,Associate
14900898,CONSTRUCTION,1,0,0,None,True,,0,0,0,0,0,0,High school
25098739,CONSTRUCTION,1,0,2,Male,True,US,0,0,0,0,0,0,High school
78114950,CONSTRUCTION,1,0,0,None,True,,0,0,0,0,0,1,High school
35971546,CONSTRUCTION,4,0,0,None,True,US;India,0,0,1,0,0,0,Master
22019500,CONSTRUCTION,1,0,0,None,True,,0,0,0,0,0,0,High school
12839152,CONSTRUCTION,0,0,0,None,True,,0,0,0,0,0,0,None
16353584,CONSTRUCTION,1,0,0,None,True,India,0,2,4,0,1,0,High school
29878348,CONSTRUCTION,1,0,0,None,True,,0,0,0,0,0,0,High school
28815362,CONSTRUCTION,4,0,0,None,True,,0,0,0,2,0,0,Master
15564893,CONSTRUCTION,4,0,0,None,True,US;UK,0,0,2,12,0,0,Master
12491898,CONSTRUCTION,1,0,1,Male,True,,0,1,0,0,0,0,High school
29574501,CONSTRUCTION,1,0,0,None,True,,0,0,0,0,0,0,High school
32799518,CONSTRUCTION,1,0,0,None,True,,0,0,0,0,0,0,High school
28942221,CONSTRUCTION,0,0,0,None,True,,0,0,0,0,0,0,None
10176013,CONSTRUCTION,3,0,0,None,True,,0,0,2,0,0,0,Bachelor
16378091,CONSTRUCTION,0,0,0,None,True,,0,0,0,0,0,0,None
16203589,CONSTRUCTION,3,0,0,None,True,,0,0,0,1,0,0,Bachelor
63145386,CONSTRUCTION,3,0,0,None,True,,0,0,0,0,0,0,Bachelor
13907230,CONSTRUCTION,3,0,0,None,True,,0,0,0,0,0,0,Bachelor
21586858,CONSTRUCTION,1,0,0,None,True,,0,0,1,0,0,0,High school
61065616,CONSTRUCTION,3,0,0,None,True,UK,0,0,0,0,0,0,Bachelor
19471144,CONSTRUCTION,3,0,0,None,True,,0,0,0,0,0,0,Bachelor
17342969,CONSTRUCTION,3,0,0,None,True,,0,0,0,0,0,0,Bachelor
10041713,CONSTRUCTION,3,0,0,None,True,US;India,0,0,1,0,0,1,Bachelor
24770846,CONSTRUCTION,2,0,0,None,True,US,0,0,0,0,0,0,Associate
24740005,CONSTRUCTION,3,1,0,Female,True,,0,0,0,0,0,0,Bachelor
14585273,CONSTRUCTION,3,0,0,None,True,,0,0,0,0,0,0,Bachelor
28756444,CONSTRUCTION,1,0,0,None,True,,0,0,0,0,0,0,High school
10281555,CONSTRUCTION,2,0,0,None,True,,0,0,0,0,0,0,Associate
48549972,CONSTRUCTION,2,0,0,None,True,,0,0,0,0,0,0,Associate
17252448,CONSTRUCTION,4,0,0,None,True,US,0,0,0,0,0,0,Master
15721849,CONSTRUCTION,2,0,0,None,True,,0,0,0,0,0,0,Associate
56525735,CONSTRUCTION,3,0,0,None,True,,0,0,0,0,0,0,Bachelor
51638201,CONSTRUCTION,1,0,0,None,True,,0,0,2,0,0,0,High school
94503308,CONSTRUCTION,3,0,0,None,True,,0,0,0,0,0,0,Bachelor
27835351,CONSTRUCTION,1,0,0,None,True,,0,0,1,0,0,0,High school
38946032,CONSTRUCTION,4,0,0,None,True,,0,0,0,0,0,0,Master
39674782,CONSTRUCTION,4,0,0,None,True,US,0,0,0,0,0,0,Master
29193505,CONSTRUCTION,3,0,0,None,True,Germany,0,0,0,1,0,0,Bachelor
12890045,CONSTRUCTION,0,0,0,None,True,,0,0,0,0,0,0,None
29894080,CONSTRUCTION,4,0,0,None,True,,0,0,0,0,0,0,Master
32025286,CONSTRUCTION,2,0,0,None,True,,0,0,0,0,0,0,Associate
21567392,CONSTRUCTION,3,0,0,None,False,India,0,1,3,0,1,0,Bachelor
32265203,CONSTRUCTION,1,0,0,None,True,,0,0,0,0,0,0,High school
27246366,CONSTRUCTION,3,0,0,None,True,,0,0,0,0,0,0,Bachelor
27066370,CONSTRUCTION,3,0,0,None,True,,0,0,0,0,0,0,Bachelor
21363048,CONSTRUCTION,4,0,0,None,True,,0,0,1,1,0,0,Master
21782152,CONSTRUCTION,2,0,0,None,True,,0,0,0,0,0,0,Associate
16626724,CONSTRUCTION,3,0,0,None,True,UK,0,0,0,0,0,0,Bachelor
25224998,CONSTRUCTION,3,0,0,None,True,US,0,0,0,0,0,0,Bachelor
28803888,CONSTRUCTION,3,0,0,None,False,,0,0,0,0,0,0,Bachelor
25187733,CONSTRUCTION,3,0,0,None,True,China,1,0,0,0,0,0,Bachelor
88859947,CONSTRUCTION,0,0,0,None,True,,0,0,0,0,0,0,None
17570634,CONSTRUCTION,3,0,0,None,True,,0,0,0,0,0,0,Bachelor
10149490,CONSTRUCTION,1,0,0,None,True,US,0,0,0,0,0,0,High school
19364677,CONSTRUCTION,4,0,0,None,True,,0,0,0,0,0,0,Master
22983516,CONSTRUCTION,1,0,1,Male,True,US,0,0,0,0,0,0,High school
31850269,CONSTRUCTION,1,0,0,None,True,US,0,0,0,0,0,2,High school
27243670,CONSTRUCTION,4,0,0,None,True,,0,0,0,0,0,0,Master
44147689,CONSTRUCTION,4,0,0,None,True,,0,0,0,0,0,0,Master
12654876,CONSTRUCTION,4,0,0,None,True,,0,0,0,0,0,0,Master
49685006,CONSTRUCTION,1,0,0,None,True,US;UK;Canada,0,0,0,0,0,0,High school
12212468,CONSTRUCTION,3,1,0,Female,True,,0,0,0,0,0,0,Bachelor
29483501,CONSTRUCTION,4,0,0,None,True,US,0,0,2,0,0,0,Master
69764348,CONSTRUCTION,2,0,0,None,True,US,0,0,1,0,0,1,Associate
18882984,CONSTRUCTION,1,0,0,None,True,,0,0,0,0,0,0,High school
45475027,CONSTRUCTION,4,0,0,None,True,US,0,0,1,0,0,0,Master
34544955,CONSTRUCTION,3,0,0,None,True,US,0,0,0,0,0,0,Bachelor
93436805,CONSTRUCTION,4,0,0,None,True,,0,0,0,0,0,0,Master
39908485,CONSTRUCTION,3,0,0,None,True,,0,2,0,0,0,0,Bachelor
39566718,CONSTRUCTION,4,0,0,None,True,,0,0,0,0,0,0,Master
12666174,CONSTRUCTION,3,0,1,Male,True,Canada,0,0,0,0,0,0,Bachelor
20565849,CONSTRUCTION,2,0,0,None,True,,0,0,0,0,0,0,Associate
12693146,CONSTRUCTION,3,0,0,None,True,,0,0,0,0,0,0,Bachelor
14849103,CONSTRUCTION,4,0,0,None,True,US;Canada,0,0,0,0,0,0,Master
10100240,CONSTRUCTION,4,0,0,None,True,,0,0,0,0,0,0,Master
22894544,CONSTRUCTION,1,0,2,Male,True,,0,0,0,0,0,0,High school
19928941,CONSTRUCTION,3,0,0,None,True,US,0,0,0,0,0,0,Bachelor
39027764,CONSTRUCTION,0,0,0,None,True,US,0,0,3,0,0,0,None
23818675,CONSTRUCTION,3,0,0,None,True,,0,0,2,0,0,0,Bachelor
24953126,CONSTRUCTION,1,0,0,None,True,,0,0,4,0,0,0,High school
22718826,CONSTRUCTION,1,0,0,None,True,US,0,0,0,0,0,0,High school
24361598,CONSTRUCTION,2,0,0,None,True,,0,0,0,0,0,0,Associate
20681037,CONSTRUCTION,1,0,0,None,True,,0,0,0,0,0,0,High school
16924279,CONSTRUCTION,4,0,0,None,True,,0,0,1,0,0,0,Master
30311725,CONSTRUCTION,4,0,0,None,True,,0,0,0,0,0,0,Master
29061628,CONSTRUCTION,3,0,0,None,True,,0,0,0,0,0,0,Bachelor
33023370,CONSTRUCTION,1,0,0,None,True,US,0,0,0,0,0,0,High school
32773331,CONSTRUCTION,1,0,0,None,True,,0,0,1,0,0,0,High school
10820510,CONSTRUCTION,0,0,0,None,True,,0,0,0,0,0,0,None
28949406,CONSTRUCTION,3,0,0,None,True,,0,0,0,0,0,0,Bachelor
12826414,CONSTRUCTION,4,0,0,None,True,,0,0,0,0,0,0,Master
63083944,CONSTRUCTION,3,0,0,None,True,,0,0,0,0,0,0,Bachelor
22546476,CONSTRUCTION,0,0,5,Male,True,US,0,0,0,0,0,0,None
90032884,CONSTRUCTION,0,0,0,None,True,,0,0,0,0,0,0,None
27187994,CONSTRUCTION,0,0,0,None,True,,0,0,0,0,0,0,None
30397268,CONSTRUCTION,1,0,0,None,True,,0,0,0,0,0,0,High school
78298706,CONSTRUCTION,1,0,0,None,True,,0,0,0,0,0,0,High school
11650031,CONSTRUCTION,1,0,0,None,True,,0,0,0,0,0,0,High school
12695537,CONSTRUCTION,5,0,0,None,True,,0,0,0,0,0,0,PhD
31392754,PUBLIC-RELATIONS,2,0,0,None,True,US,0,0,0,0,0,0,Associate
23143731,PUBLIC-RELATIONS,0,1,2,Male,True,US,0,0,0,0,0,0,None
26130673,PUBLIC-RELATIONS,3,0,0,None,True,,0,0,0,0,0,0,Bachelor
25070914,PUBLIC-RELATIONS,3,2,0,Female,True,,0,0,0,0,0,0,Bachelor
37913536,PUBLIC-RELATIONS,4,0,0,None,True,,0,0,0,0,0,0,Master
14278888,PUBLIC-RELATIONS,3,0,0,None,False,US;Nigeria,0,0,0,0,0,0,Bachelor
28831442,PUBLIC-RELATIONS,3,0,0,None,False,,1,0,2,0,0,0,Bachelor
98086373,PUBLIC-RELATIONS,3,0,0,None,True,,0,0,0,0,0,0,Bachelor
23673025,PUBLIC-RELATIONS,3,1,1,None,True,,0,0,0,0,0,0,Bachelor
10070224,PUBLIC-RELATIONS,4,0,0,None,True,,0,0,0,0,0,0,Master
28290448,PUBLIC-RELATIONS,4,0,0,None,True,US,0,0,0,0,0,0,Master
24559558,PUBLIC-RELATIONS,5,0,0,None,True,,0,0,0,0,0,0,PhD
28862054,PUBLIC-RELATIONS,3,2,2,None,True,,0,0,0,0,0,0,Bachelor
14536764,PUBLIC-RELATIONS,3,0,0,None,True,,0,0,0,0,0,0,Bachelor
37087371,PUBLIC-RELATIONS,4,0,0,None,True,US,0,0,0,0,0,0,Master
12191094,PUBLIC-RELATIONS,4,0,0,None,True,,0,0,0,0,0,0,Master
12920612,PUBLIC-RELATIONS,3,0,0,None,True,US,0,0,0,0,0,0,Bachelor
14009087,PUBLIC-RELATIONS,3,0,0,None,True,US,0,0,0,0,0,0,Bachelor
91197243,PUBLIC-RELATIONS,0,0,0,None,True,,0,0,0,0,0,0,None
12545844,PUBLIC-RELATIONS,3,1,0,Female,True,US,0,0,0,0,0,0,Bachelor
31292364,PUBLIC-RELATIONS,3,0,0,None,True,,0,0,0,0,0,0,Bachelor
11902276,PUBLIC-RELATIONS,4,0,0,None,True,,0,0,0,0,0,0,Master
18436190,PUBLIC-RELATIONS,0,1,0,Female,True,,0,0,0,0,0,0,None
23771896,PUBLIC-RELATIONS,3,0,0,None,True,,0,0,0,0,0,0,Bachelor
25413261,PUBLIC-RELATIONS,3,2,0,Female,True,,0,0,0,0,0,0,Bachelor
49119887,PUBLIC-RELATIONS,3,0,0,None,True,US,0,0,0,0,0,0,Bachelor
27000192,PUBLIC-RELATIONS,4,0,2,Male,True,US,0,0,0,0,0,0,Master
27257013,PUBLIC-RELATIONS,4,0,0,None,True,,0,0,0,0,0,0,Master
45900271,PUBLIC-RELATIONS,3,0,0,None,True,,0,0,0,0,0,0,Bachelor
22560013,PUBLIC-RELATIONS,0,0,0,None,False,,0,0,0,0,0,0,None
24977396,PUBLIC-RELATIONS,3,0,0,None,True,,0,0,1,0,0,0,Bachelor
14364597,PUBLIC-RELATIONS,3,0,0,None,True,,0,0,0,0,0,0,Bachelor
59346975,PUBLIC-RELATIONS,4,0,0,None,True,US,0,0,0,0,0,0,Master
11850315,PUBLIC-RELATIONS,3,0,0,None,False,Canada,0,0,4,0,0,0,Bachelor
24710433,PUBLIC-RELATIONS,5,0,0,None,True,US,0,0,0,0,0,0,PhD
21297828,PUBLIC-RELATIONS,3,0,0,None,True,,0,0,0,0,0,0,Bachelor
26330995,PUBLIC-RELATIONS,4,3,0,Female,True,,0,0,5,0,0,1,Master
30642458,PUBLIC-RELATIONS,4,0,0,None,True,US;UK,0,0,0,0,0,0,Master
19503224,PUBLIC-RELATIONS,4,0,0,None,True,US,0,0,2,0,0,0,Master
36107065,PUBLIC-RELATIONS,4,0,1,Male,True,,0,1,2,0,1,0,Master
10554045,PUBLIC-RELATIONS,3,0,0,None,True,,0,0,1,0,0,0,Bachelor
29525715,PUBLIC-RELATIONS,4,1,0,Female,True,,0,0,0,0,0,0,Master
15917885,PUBLIC-RELATIONS,3,0,0,None,True,,0,0,0,0,0,0,Bachelor
12567516,PUBLIC-RELATIONS,3,0,0,None,True,,0,0,0,0,0,0,Bachelor
21478007,PUBLIC-RELATIONS,3,0,0,None,True,,0,0,0,0,0,0,Bachelor
24590489,PUBLIC-RELATIONS,3,0,0,None,True,,0,0,0,0,0,0,Bachelor
14667659,PUBLIC-RELATIONS,1,0,0,None,True,US,0,0,0,0,0,0,High school
19929506,PUBLIC-RELATIONS,3,0,0,None,True,,0,0,0,0,0,0,Bachelor
31220062,PUBLIC-RELATIONS,0,0,0,None,False,,0,0,0,0,0,0,None
26173524,PUBLIC-RELATIONS,4,0,0,None,True,US;Nigeria,0,0,0,0,0,0,Master
85973397,PUBLIC-RELATIONS,4,0,0,None,True,US,0,0,0,0,0,0,Master
18133495,PUBLIC-RELATIONS,1,0,3,Male,True,,0,0,1,0,0,0,High school
14128006,PUBLIC-RELATIONS,3,0,0,None,True,,0,0,0,0,0,0,Bachelor
16620172,PUBLIC-RELATIONS,4,2,0,Female,True,,0,0,0,0,0,0,Master
25001005,PUBLIC-RELATIONS,4,0,0,None,True,US,0,0,0,0,0,0,Master
19497420,PUBLIC-RELATIONS,3,0,0,None,True,,0,0,0,0,0,0,Bachelor
37375999,PUBLIC-RELATIONS,0,2,0,Female,True,,0,0,0,0,0,0,None
11160414,PUBLIC-RELATIONS,2,0,0,None,True,US,0,0,0,0,0,0,Associate
85766635,PUBLIC-RELATIONS,3,0,0,None,True,,0,0,0,0,1,1,Bachelor
16226743,PUBLIC-RELATIONS,4,0,0,None,True,US,0,0,0,0,0,0,Master
61319162,PUBLIC-RELATIONS,4,0,0,None,True,,0,0,2,0,0,0,Master
38056161,PUBLIC-RELATIONS,4,0,0,None,False,,0,0,0,0,0,0,Master
65237556,PUBLIC-RELATIONS,3,0,0,None,True,,0,1,1,0,1,0,Bachelor
75329822,PUBLIC-RELATIONS,3,0,0,None,False,Canada,1,0,3,0,0,0,Bachelor
11624880,PUBLIC-RELATIONS,3,0,0,None,True,,0,0,1,0,0,0,Bachelor
31211074,PUBLIC-RELATIONS,3,0,0,None,True,US,0,0,0,0,0,0,Bachelor
21669215,PUBLIC-RELATIONS,0,0,0,None,True,,0,0,1,0,0,0,None
19558834,PUBLIC-RELATIONS,3,0,0,None,True,,0,0,2,0,0,0,Bachelor
53701275,PUBLIC-RELATIONS,4,0,0,None,True,,0,0,0,0,0,0,Master
22455205,PUBLIC-RELATIONS,3,0,0,None,True,,0,0,0,0,0,0,Bachelor
20966771,PUBLIC-RELATIONS,4,0,0,None,True,,0,0,0,0,0,0,Master
19072267,PUBLIC-RELATIONS,5,1,0,Female,True,US;UK,0,0,2,1,0,0,PhD
21321598,PUBLIC-RELATIONS,3,0,0,None,True,,0,0,0,1,0,0,Bachelor
11842274,PUBLIC-RELATIONS,1,0,0,None,True,,0,2,0,0,0,0,High school
21549195,PUBLIC-RELATIONS,3,0,0,None,True,,0,0,0,0,0,0,Bachelor
36671891,PUBLIC-RELATIONS,3,0,0,None,True,UK;Canada,0,0,0,0,0,0,Bachelor
51415089,PUBLIC-RELATIONS,3,0,0,None,True,US,0,0,0,0,0,0,Bachelor
28531493,PUBLIC-RELATIONS,3,0,0,None,True,US;UK,0,0,0,0,0,0,Bachelor
16103783,PUBLIC-RELATIONS,3,0,0,None,True,,0,0,0,0,0,0,Bachelor
11635137,PUBLIC-RELATIONS,3,0,0,None,True,US,0,0,0,0,0,0,Bachelor
13129275,PUBLIC-RELATIONS,3,0,0,None,True,,0,0,0,0,0,0,Bachelor
20470943,PUBLIC-RELATIONS,3,0,0,None,True,,0,0,0,0,0,0,Bachelor
23015611,PUBLIC-RELATIONS,3,0,0,None,False,US,0,0,0,0,0,0,Bachelor
34712719,PUBLIC-RELATIONS,1,0,0,None,False,,0,0,0,1,0,0,High school
14910300,PUBLIC-RELATIONS,3,0,0,None,True,US,0,0,0,0,0,0,Bachelor
21386255,PUBLIC-RELATIONS,3,0,0,None,True,,0,0,1,0,0,0,Bachelor
88651471,PUBLIC-RELATIONS,4,0,0,None,False,,0,0,0,0,0,0,Master
22861181,PUBLIC-RELATIONS,4,0,0,None,True,US,0,0,0,0,0,0,Master
45462344,PUBLIC-RELATIONS,3,2,0,Female,True,,0,0,0,0,0,0,Bachelor
24677466,PUBLIC-RELATIONS,4,0,0,None,True,,0,1,1,0,0,0,Master
23602130,PUBLIC-RELATIONS,3,0,0,None,True,,0,0,0,0,0,0,Bachelor
13915715,PUBLIC-RELATIONS,1,0,0,None,True,Malaysia,0,0,0,0,0,0,High school
13727873,PUBLIC-RELATIONS,3,3,1,Female,True,,0,0,0,0,0,0,Bachelor
93828034,PUBLIC-RELATIONS,4,0,0,None,True,,0,0,0,0,0,0,Master
24491862,PUBLIC-RELATIONS,0,0,0,None,True,US,0,0,0,0,0,0,None
29329075,PUBLIC-RELATIONS,1,3,0,Female,True,,0,0,0,1,0,0,High school
33072201,PUBLIC-RELATIONS,4,0,0,None,True,US;China,3,0,1,0,0,0,Master
23631724,PUBLIC-RELATIONS,3,0,0,None,True,India;China;Germany,0,0,0,0,0,0,Bachelor
14611516,PUBLIC-RELATIONS,2,0,2,Male,True,,0,0,0,0,0,0,Associate
32441790,PUBLIC-RELATIONS,3,0,0,None,True,,0,0,0,0,0,0,Bachelor
12237267,PUBLIC-RELATIONS,3,0,0,None,True,,0,0,0,0,0,0,Bachelor
42332765,PUBLIC-RELATIONS,3,0,0,None,True,,0,0,0,0,0,0,Bachelor
26127853,PUBLIC-RELATIONS,2,0,0,None,True,,0,0,10,0,0,0,Associate
10926726,PUBLIC-RELATIONS,3,0,0,None,True,,0,0,0,1,0,0,Bachelor
14966165,PUBLIC-RELATIONS,3,0,0,None,True,US,0,0,4,0,0,0,Bachelor
22754014,PUBLIC-RELATIONS,2,0,0,None,True,,0,0,0,0,0,0,Associate
28975482,PUBLIC-RELATIONS,3,0,0,None,True,,0,0,0,0,0,0,Bachelor
21663616,PUBLIC-RELATIONS,4,1,0,Female,True,,2,0,0,0,0,0,Master
10873344,PUBLIC-RELATIONS,3,1,0,Female,True,,0,0,0,0,0,0,Bachelor
41590605,PUBLIC-RELATIONS,3,0,0,None,True,,0,0,0,0,0,0,Bachelor
23048999,PUBLIC-RELATIONS,5,1,0,Female,True,,0,0,0,2,0,0,PhD
74552449,BANKING,4,0,0,None,True,,0,0,0,0,0,0,Master
79041971,BANKING,1,0,0,None,True,US,0,0,0,0,0,0,High school
77156708,BANKING,4,0,0,None,True,,4,0,0,0,0,0,Master
24580361,BANKING,3,0,0,None,True,,0,0,0,0,0,0,Bachelor
34953092,BANKING,4,0,0,None,True,US;China,0,0,0,0,0,0,Master
17189156,BANKING,1,0,0,None,True,US,0,0,0,0,0,0,High school
19920687,BANKING,0,0,0,None,True,,0,0,1,0,0,0,None
26579709,BANKING,3,0,0,None,True,,0,0,0,0,0,0,Bachelor
29093426,BANKING,1,0,0,None,True,,0,0,0,0,0,0,High school
33286293,BANKING,0,0,2,Male,True,,0,0,2,0,0,0,None
29552167,BANKING,3,0,0,None,True,,0,0,0,0,0,0,Bachelor
69243180,BANKING,4,0,0,None,True,US,0,0,0,0,0,0,Master
26987539,BANKING,3,0,0,None,True,,0,0,1,0,0,0,Bachelor
17276884,BANKING,3,0,0,None,True,,0,0,0,0,0,0,Bachelor
22615491,BANKING,3,0,0,None,True,,0,0,0,0,0,0,Bachelor
45167858,BANKING,2,0,0,None,True,US,0,0,0,0,0,0,Associate
13982572,BANKING,4,0,0,None,True,,0,0,0,0,0,0,Master
3547447,BANKING,2,0,0,None,True,,0,0,0,0,0,0,Associate
98965485,BANKING,4,0,0,None,False,,0,0,0,0,0,0,Master
38897568,BANKING,4,0,0,None,True,,0,0,0,0,0,0,Master
12021752,BANKING,3,0,0,None,True,,0,0,0,0,0,0,Bachelor
19149865,BANKING,3,0,1,Male,True,US,0,0,0,0,0,0,Bachelor
29839396,BANKING,3,0,0,None,True,US;UK,0,0,0,0,0,0,Bachelor
15856762,BANKING,3,0,0,None,True,US;Canada,0,0,0,0,0,0,Bachelor
18208580,BANKING,3,0,0,None,True,,0,0,0,0,0,0,Bachelor
17396388,BANKING,3,0,0,None,True,,0,0,0,0,0,0,Bachelor
28419927,BANKING,4,0,0,None,True,,1,0,0,0,0,0,Master
87867370,BANKING,3,1,0,Female,True,US,0,0,0,0,0,0,Bachelor
27120528,BANKING,2,0,0,None,True,,0,0,0,0,0,0,Associate
70667011,BANKING,0,0,0,None,True,,0,0,0,0,0,0,None
36302399,BANKING,3,0,0,None,False,,0,0,0,0,0,0,Bachelor
89049979,BANKING,3,0,0,None,True,US,0,0,0,0,0,0,Bachelor
43375498,BANKING,0,0,0,None,True,,0,0,0,0,0,0,None
30713796,BANKING,1,0,0,None,True,,0,0,0,0,0,0,High school
18805506,BANKING,3,0,0,None,True,India,0,0,1,0,0,0,Bachelor
39247950,BANKING,3,0,0,None,False,,0,0,0,0,0,0,Bachelor
30127072,BANKING,4,0,0,None,True,,0,0,0,2,0,0,Master
11065180,BANKING,3,0,0,None,True,,0,0,0,0,0,0,Bachelor
11637468,BANKING,3,0,0,None,True,US,0,0,0,0,0,0,Bachelor
54421668,BANKING,2,0,0,None,True,,0,0,0,0,0,0,Associate
13393401,BANKING,0,0,0,None,True,,0,0,0,0,0,0,None
71422121,BANKING,3,0,0,None,True,,0,0,0,0,1,0,Bachelor
18457785,BANKING,1,0,0,None,False,,0,0,0,0,0,0,High school
21856577,BANKING,1,0,0,None,True,,0,0,0,1,0,0,High school
21645690,BANKING,3,0,0,None,True,,0,0,0,0,0,0,Bachelor
25780596,BANKING,3,0,0,None,True,US,0,0,0,2,0,0,Bachelor
34185495,BANKING,3,0,0,None,True,,0,0,0,0,0,0,Bachelor
35483925,BANKING,4,0,0,None,True,,0,0,0,0,0,0,Master
19374660,BANKING,1,0,0,None,True,,0,0,0,0,0,0,High school
34758680,BANKING,4,0,0,None,True,India,0,0,0,0,0,0,Master
21297521,BANKING,3,0,0,None,True,,0,0,0,0,0,0,Bachelor
23323001,BANKING,1,2,0,Female,False,,0,0,1,0,0,1,High school
25080805,BANKING,4,0,0,None,True,US,0,0,1,0,0,0,Master
27606527,BANKING,0,0,0,None,True,,0,0,0,0,0,0,None
33872500,BANKING,4,0,0,None,True,,0,0,0,0,0,0,Master
18172739,BANKING,4,0,0,None,True,,0,0,0,0,0,0,Master
32980197,BANKING,3,0,0,None,True,,0,0,0,0,0,0,Bachelor
11672279,BANKING,3,0,0,None,True,,0,0,0,2,0,0,Bachelor
33135102,BANKING,3,0,0,None,True,,0,0,0,0,0,0,Bachelor
20850529,BANKING,1,0,0,None,True,US,0,0,0,0,0,0,High school
34783330,BANKING,3,0,0,None,True,US,0,0,0,0,0,0,Bachelor
33370664,BANKING,3,0,0,None,True,,0,0,2,0,0,0,Bachelor
17823436,BANKING,4,0,0,None,False,India;UK;Canada;Germany,0,1,2,0,1,0,Master
15553584,BANKING,4,0,0,None,False,,0,0,0,0,0,0,Master
39569771,BANKING,3,0,0,None,True,,0,0,0,0,0,0,Bachelor
11842348,BANKING,3,0,2,Male,True,,0,0,2,0,0,0,Bachelor
36905896,BANKING,2,0,0,None,True,,0,0,0,0,0,0,Associate
13173522,BANKING,4,0,0,None,True,,1,0,0,0,0,0,Master
25624652,BANKING,4,0,0,None,True,,0,0,0,0,0,2,Master
11262933,BANKING,2,0,0,None,True,,0,0,0,0,0,0,Associate
10909673,BANKING,0,0,0,None,True,,0,0,0,2,0,0,None
98348532,BANKING,3,0,0,None,True,India,0,0,1,0,0,0,Bachelor
19176318,BANKING,3,0,0,None,True,,0,0,0,0,0,0,Bachelor
17818707,BANKING,4,0,0,None,True,,0,0,0,0,0,0,Master
17213671,BANKING,3,0,0,None,True,US,0,0,0,0,0,0,Bachelor
31025785,BANKING,4,0,1,Male,True,India,0,0,3,0,0,0,Master
60489316,BANKING,3,0,0,None,True,Malaysia,0,0,0,0,0,0,Bachelor
60182829,BANKING,4,0,0,None,True,UK;Canada,0,0,2,0,0,0,Master
21796843,BANKING,4,1,0,Female,True,US,3,0,0,0,0,0,Master
65864767,BANKING,0,0,0,None,True,,0,0,0,4,0,0,None
11773925,BANKING,4,0,0,None,True,India;UK,0,0,0,0,0,0,Master
26673507,BANKING,4,1,0,Female,True,,0,0,0,0,0,0,Master
72876163,BANKING,4,0,0,None,True,,0,0,0,0,0,0,Master
18824120,BANKING,4,0,0,None,True,India,0,0,0,0,0,0,Master
27884470,BANKING,0,0,0,None,True,,0,0,0,0,0,1,None
64589506,BANKING,4,0,0,None,True,US;Nigeria,0,0,0,0,0,0,Master
29406313,BANKING,3,0,2,Male,True,,0,0,0,0,0,0,Bachelor
16300459,BANKING,4,0,0,None,True,China,0,0,0,0,0,0,Master
20992320,BANKING,4,0,0,None,True,,0,0,0,0,0,0,Master
73157997,BANKING,3,0,1,Male,True,,0,0,0,0,0,0,Bachelor
28895997,BANKING,1,0,0,None,True,,0,0,0,0,0,0,High school
28051330,BANKING,1,0,0,None,True,,0,0,0,0,0,0,High school
25162378,BANKING,3,0,0,None,True,,0,0,0,0,0,0,Bachelor
99124477,BANKING,4,0,0,None,True,US;UK;Germany,0,1,2,0,0,0,Master
17131084,BANKING,3,0,0,None,True,China,0,0,0,0,0,0,Bachelor
19437318,BANKING,1,0,0,None,True,,0,0,0,0,0,0,High school
35564026,BANKING,3,0,0,None,True,,0,0,0,0,0,0,Bachelor
16407619,BANKING,1,0,0,None,True,,0,0,0,0,0,0,High school
10329506,BANKING,3,0,0,None,True,India,0,0,0,0,0,0,Bachelor
19911786,BANKING,3,0,0,None,True,,0,0,0,0,0,0,Bachelor
96493528,BANKING,4,0,0,None,True,,0,0,0,0,0,0,Master
35492909,BANKING,4,0,0,None,True,,0,0,0,0,0,0,Master
25200253,BANKING,1,0,0,None,True,,0,0,0,0,0,0,High school
68781345,BANKING,1,0,0,None,True,,0,0,1,0,0,0,High school
14391434,BANKING,4,0,0,None,True,,0,0,4,2,0,1,Master
14626780,BANKING,4,0,0,None,True,US;India,0,0,0,0,0,0,Master
28989677,BANKING,3,1,0,Female,False,US,0,0,0,0,0,0,Bachelor
41651672,BANKING,0,0,0,None,True,,0,0,0,0,0,0,None
18645964,BANKING,3,0,0,None,True,US,0,0,0,0,0,0,Bachelor
18278509,BANKING,3,0,2,Male,True,US;China,0,0,0,0,0,0,Bachelor
18369400,BANKING,4,0,7,Male,True,,0,0,0,2,0,0,Master
11266906,BANKING,3,0,0,None,True,,0,0,0,0,0,0,Bachelor
31710562,BANKING,4,0,0,None,True,UK;Germany,0,0,0,0,0,0,Master
39142536,BANKING,3,0,2,Male,True,,0,0,0,0,0,0,Bachelor
21756639,BANKING,5,0,0,None,True,US;India,0,0,0,0,0,0,PhD
31273413,ARTS,4,0,0,None,True,US,0,0,0,0,0,0,Master
12386670,ARTS,4,0,1,Male,True,US,0,0,1,0,0,1,Master
93576192,ARTS,4,0,0,None,True,,0,0,2,0,0,0,Master
15306049,ARTS,3,0,0,None,True,US,0,0,4,1,0,0,Bachelor
31114531,ARTS,3,0,0,None,True,US,0,0,0,0,0,0,Bachelor
21060367,ARTS,4,0,0,None,True,,0,0,0,0,0,0,Master
17325147,ARTS,4,0,0,None,True,,0,0,2,0,0,2,Master
23752500,ARTS,4,0,0,None,True,US,0,0,14,0,0,0,Master
20149476,ARTS,4,0,1,Male,True,US;Germany,0,0,3,1,0,0,Master
54100393,ARTS,4,0,0,None,True,US,0,0,0,0,0,0,Master
11187796,ARTS,3,0,0,None,True,,0,0,0,0,0,0,Bachelor
39470264,ARTS,4,0,0,None,True,US,0,0,3,0,0,1,Master
12413512,ARTS,4,0,0,None,True,,0,0,3,0,0,0,Master
14879257,ARTS,3,0,0,None,True,UK,1,0,0,0,0,0,Bachelor
46055835,ARTS,4,0,0,None,True,,0,0,0,0,0,0,Master
33344933,ARTS,3,0,1,Male,True,US,1,0,1,3,0,0,Bachelor
24983760,ARTS,4,1,0,Female,True,,0,0,0,0,0,0,Master
29148871,ARTS,4,0,0,None,True,,1,0,2,0,1,0,Master
28325193,ARTS,3,0,0,None,True,,0,0,4,0,0,0,Bachelor
15265464,ARTS,3,0,0,None,True,,0,0,0,0,0,2,Bachelor
24349611,ARTS,3,0,0,None,True,,0,0,0,0,0,0,Bachelor
19508520,ARTS,4,0,0,None,True,,0,0,0,0,0,0,Master
22800977,ARTS,4,2,0,Female,True,Germany,1,0,0,0,0,0,Master
36758947,ARTS,3,0,0,None,True,US,0,0,0,0,0,0,Bachelor
11555549,ARTS,4,0,0,None,True,,0,0,0,0,0,0,Master
32318506,ARTS,0,0,0,None,True,,0,0,0,0,0,0,None
73497035,ARTS,4,0,0,None,True,,0,0,0,0,0,0,Master
12777487,ARTS,4,0,0,None,True,US,0,0,0,0,0,0,Master
36379931,ARTS,4,1,0,Female,True,,0,0,0,5,0,0,Master
26069113,ARTS,3,0,0,None,True,,0,0,1,0,0,0,Bachelor
41950126,ARTS,3,0,0,None,True,,0,0,0,0,0,0,Bachelor
20488267,ARTS,4,0,0,None,True,,0,0,2,2,0,0,Master
22593054,ARTS,0,2,0,Female,True,,0,0,1,3,0,0,None
25561640,ARTS,0,0,0,None,True,,0,0,0,0,0,0,None
43622023,ARTS,3,0,0,None,True,,0,0,0,0,0,0,Bachelor
18319061,ARTS,4,0,0,None,True,,0,0,0,0,0,0,Master
25923361,ARTS,5,0,0,None,False,,0,0,0,0,0,1,PhD
18106533,ARTS,3,0,0,None,True,,0,0,0,5,0,0,Bachelor
50432401,ARTS,3,0,0,None,True,,0,0,1,0,0,0,Bachelor
19724031,ARTS,1,0,0,None,True,US,0,0,0,1,0,0,High school
28471099,ARTS,5,0,0,None,True,,0,0,0,0,0,0,PhD
22848179,ARTS,0,0,0,None,True,,0,0,0,0,0,0,None
37220856,ARTS,3,0,0,None,True,,0,0,4,0,0,0,Bachelor
78107631,ARTS,3,0,0,None,False,US,2,0,6,0,0,0,Bachelor
21867728,ARTS,4,0,0,None,True,US,0,0,0,0,0,0,Master
37472265,ARTS,3,0,0,None,True,,0,0,3,0,0,0,Bachelor
17033567,ARTS,3,0,0,None,True,,0,0,0,0,0,0,Bachelor
19671909,ARTS,4,0,0,None,True,,0,0,3,0,0,0,Master
11995013,ARTS,1,0,0,None,True,,0,0,0,0,0,0,High school
28629430,ARTS,3,0,0,None,True,,0,0,0,0,0,0,Bachelor
53227466,ARTS,3,0,0,None,True,US,0,0,3,0,0,0,Bachelor
26079779,ARTS,0,0,0,None,True,,0,0,0,0,0,0,None
83338413,ARTS,4,0,0,None,True,US,0,0,0,0,0,0,Master
18029935,ARTS,3,0,0,None,True,China,0,0,0,0,0,0,Bachelor
16962067,ARTS,4,0,0,None,True,,0,0,0,0,0,0,Master
14150896,ARTS,3,0,0,None,True,US,0,0,0,0,0,0,Bachelor
27936502,ARTS,3,0,0,None,True,,0,0,0,0,0,0,Bachelor
65325317,ARTS,0,0,0,None,True,,0,0,0,0,0,0,None
30594821,ARTS,1,0,0,None,True,US,0,0,0,0,0,0,High school
27164756,ARTS,5,0,0,None,True,US,0,0,0,0,0,1,PhD
34146825,ARTS,1,0,0,None,True,,0,0,0,0,0,0,High school
99561379,ARTS,4,0,0,None,True,,0,0,3,2,0,0,Master
54180474,ARTS,4,0,0,None,True,,0,0,0,0,0,0,Master
37751611,ARTS,4,0,0,None,True,,0,0,0,0,0,0,Master
73030450,ARTS,4,0,0,None,True,,0,0,0,0,0,0,Master
39608848,ARTS,2,0,0,None,True,,0,0,1,0,0,0,Associate
16244633,ARTS,4,0,0,None,True,UK,0,0,0,0,0,0,Master
10830646,ARTS,4,0,0,None,True,US,0,0,0,0,0,0,Master
27024099,ARTS,3,0,0,None,True,,0,0,0,0,0,0,Bachelor
65352424,ARTS,3,0,0,None,True,,0,0,0,0,0,0,Bachelor
28711616,ARTS,4,0,0,None,True,,0,0,0,0,0,0,Master
39064638,ARTS,1,0,0,None,True,,0,0,0,0,0,0,High school
18586076,ARTS,4,0,0,None,True,,0,0,3,0,0,2,Master
13272204,ARTS,0,0,0,None,True,,0,0,0,0,0,2,None
11360471,ARTS,1,0,0,None,True,US,0,0,0,0,0,0,High school
18885767,ARTS,4,0,0,None,True,,0,0,0,0,0,0,Master
20698469,ARTS,0,0,0,None,True,,0,0,0,0,0,1,None
27715131,ARTS,4,0,0,None,True,,0,0,2,0,0,0,Master
32794700,ARTS,2,0,0,None,True,,0,0,0,0,0,0,Associate
23139437,ARTS,0,0,0,None,True,US,0,0,0,0,0,0,None
23917826,ARTS,1,0,0,None,True,,0,0,3,0,0,0,High school
20148147,ARTS,1,0,0,None,True,,0,0,0,0,0,0,High school
34304175,ARTS,2,0,0,None,True,,0,0,0,0,0,0,Associate
26410763,ARTS,3,0,0,None,True,US,0,0,0,0,0,0,Bachelor
21809601,ARTS,3,0,0,None,True,,0,0,0,0,0,0,Bachelor
27096796,ARTS,3,0,0,None,True,,0,0,0,0,0,0,Bachelor
25157655,ARTS,3,0,0,None,True,,0,0,0,0,0,0,Bachelor
25926667,ARTS,4,0,0,None,True,,0,0,2,0,0,0,Master
20356750,ARTS,3,0,0,None,True,US,0,0,1,0,0,0,Bachelor
24061629,ARTS,1,0,0,None,True,,0,0,0,0,0,1,High school
17694454,ARTS,2,0,0,None,True,,0,0,8,0,0,0,Associate
99033098,ARTS,1,0,0,None,True,,0,0,0,0,0,0,High school
38115035,ARTS,1,0,0,None,True,,0,0,0,0,0,0,High school
17857644,ARTS,3,0,0,None,True,,0,0,0,0,0,0,Bachelor
12334650,ARTS,3,0,0,None,True,,0,0,0,0,0,0,Bachelor
36019469,ARTS,3,0,0,None,True,,0,0,0,0,0,0,Bachelor
79432080,ARTS,3,0,0,None,True,,0,0,1,0,0,0,Bachelor
94230796,ARTS,1,0,0,None,True,US,0,0,2,0,0,0,High school
66226673,ARTS,3,0,0,None,True,,0,0,0,0,0,0,Bachelor
83206166,ARTS,3,0,0,None,True,,0,0,0,0,0,0,Bachelor
22182279,ARTS,2,0,0,None,True,,0,0,0,0,0,0,Associate
16887936,ARTS,3,0,0,None,True,,0,0,1,0,0,0,Bachelor
14248724,ARTS,4,0,0,None,True,,0,0,0,0,0,0,Master
69458502,AVIATION,3,0,0,None,False,US,0,0,0,0,0,0,Bachelor
82738323,AVIATION,1,0,0,None,True,US,0,0,0,0,0,0,High school
16833515,AVIATION,1,0,0,None,True,,0,0,0,0,0,0,High school
11804712,AVIATION,3,0,0,None,True,US,0,0,0,0,0,0,Bachelor
21287405,AVIATION,3,0,0,None,True,,0,0,0,0,0,0,Bachelor
10176815,AVIATION,3,0,0,None,True,,0,0,1,0,0,0,Bachelor
29221006,AVIATION,0,0,1,Male,True,US,0,0,0,0,0,0,None
23761385,AVIATION,4,0,0,None,True,US,0,0,0,0,0,0,Master
38355831,AVIATION,2,0,0,None,True,US,0,0,1,0,0,0,Associate
24773845,AVIATION,4,0,0,None,True,US,0,0,0,0,0,0,Master
17876954,AVIATION,2,0,0,None,True,,0,0,0,0,0,0,Associate
36252245,AVIATION,1,0,0,None,True,US,0,0,0,0,0,0,High school
32720816,AVIATION,3,0,0,None,True,US,0,0,0,0,0,1,Bachelor
36727173,AVIATION,1,0,0,None,True,US,0,0,0,0,0,0,High school
91431878,AVIATION,3,0,0,None,True,US,0,0,0,0,0,0,Bachelor
42546558,AVIATION,3,0,0,None,True,US,0,0,0,0,0,0,Bachelor
87826037,AVIATION,3,0,0,None,True,,0,0,2,0,0,0,Bachelor
17483843,AVIATION,1,0,0,None,True,,0,0,0,0,0,0,High school
22232367,AVIATION,2,0,0,None,True,US,0,0,1,0,0,0,Associate
70198580,AVIATION,4,0,0,None,True,US,0,0,0,0,0,0,Master
67631413,AVIATION,0,0,0,None,True,,0,0,0,0,0,0,None
26819872,AVIATION,0,1,0,Female,True,,0,0,0,0,0,0,None
13234267,AVIATION,4,0,1,Male,True,US,0,0,0,0,0,0,Master
26888302,AVIATION,3,0,0,None,True,,0,0,0,0,0,0,Bachelor
13195436,AVIATION,0,0,0,None,True,,0,0,0,0,0,0,None
81588968,AVIATION,1,0,0,None,True,,0,0,0,0,0,0,High school
18268860,AVIATION,3,0,0,None,True,,0,0,0,0,0,1,Bachelor
14790629,AVIATION,0,0,0,None,True,,0,0,0,0,0,0,None
12144825,AVIATION,3,0,0,None,True,,0,0,0,0,0,0,Bachelor
90318913,AVIATION,0,0,0,None,True,Philippines,0,0,0,0,0,0,None
26279402,AVIATION,0,0,1,Male,True,US,0,0,0,0,0,1,None
94137171,AVIATION,3,0,0,None,True,,0,0,0,0,0,0,Bachelor
27902692,AVIATION,0,0,0,None,False,,0,0,0,0,0,0,None
28186635,AVIATION,1,0,0,None,True,US,0,0,0,0,0,1,High school
42641525,AVIATION,2,0,0,None,True,US;Canada,0,0,1,0,0,0,Associate
34419403,AVIATION,1,0,0,None,True,,0,0,0,0,0,0,High school
43720116,AVIATION,4,0,0,None,True,,0,0,0,0,0,0,Master
15618327,AVIATION,0,0,0,None,True,US,0,0,0,0,0,0,None
14589288,AVIATION,1,0,0,None,True,,0,0,0,0,0,0,High school
43408471,AVIATION,4,0,0,None,True,,0,0,0,0,0,0,Master
38154903,AVIATION,1,0,0,None,True,,0,0,0,0,0,0,High school
29167286,AVIATION,0,0,0,None,True,US,0,0,0,0,0,0,None
11169163,AVIATION,3,0,0,None,True,,0,0,0,0,0,0,Bachelor
28383893,AVIATION,3,0,0,None,True,US,0,0,0,0,0,0,Bachelor
20026169,AVIATION,4,0,0,None,True,,0,0,1,0,0,0,Master
38047274,AVIATION,1,0,0,None,True,US,0,0,0,0,0,0,High school
16449694,AVIATION,0,0,1,Male,True,US,0,0,0,1,0,0,None
11137306,AVIATION,2,0,0,None,True,US,0,0,0,0,0,0,Associate
19818707,AVIATION,4,0,0,None,True,,0,0,0,0,0,0,Master
17274759,AVIATION,0,0,0,None,True,US,0,0,0,0,1,0,None
19506295,AVIATION,4,0,0,None,True,US,0,0,0,0,0,0,Master
50775901,AVIATION,3,0,0,None,True,US,0,0,0,0,0,0,Bachelor
22990761,AVIATION,3,0,0,None,True,,0,0,0,0,0,0,Bachelor
10945968,AVIATION,3,0,0,None,True,UK,0,1,2,0,0,0,Bachelor
12192507,AVIATION,4,0,0,None,True,US,0,0,0,0,1,0,Master
24154692,AVIATION,1,0,0,None,True,,0,0,0,0,0,0,High school
23985183,AVIATION,3,0,0,None,True,US,0,0,0,0,0,0,Bachelor
29161565,AVIATION,0,0,0,None,True,US,0,0,0,0,0,0,None
11333001,AVIATION,1,0,0,None,True,,0,0,0,0,0,0,High school
25718772,AVIATION,1,0,0,None,True,US,0,0,0,0,0,0,High school
65219288,AVIATION,3,0,0,None,True,,0,0,0,0,0,0,Bachelor
27502951,AVIATION,4,0,0,None,True,India;Canada;Malaysia;China,0,0,1,0,0,0,Master
15823995,AVIATION,4,0,0,None,True,,0,0,0,0,0,0,Master
22650051,AVIATION,1,0,0,None,True,,0,0,0,0,0,0,High school
24668861,AVIATION,5,0,2,Male,True,US,0,0,0,0,0,0,PhD
42427521,AVIATION,4,0,2,Male,True,,0,0,0,0,0,0,Master
96457008,AVIATION,0,0,0,None,True,,0,0,0,0,0,0,None
38989376,AVIATION,0,0,0,None,True,US,0,0,0,0,0,0,None
13405229,AVIATION,3,0,0,None,True,,0,0,0,0,0,0,Bachelor
17686472,AVIATION,3,0,0,None,True,,0,0,0,0,0,0,Bachelor
54232810,AVIATION,2,0,0,None,True,US,0,0,0,0,0,0,Associate
25719936,AVIATION,0,0,0,None,True,US,0,0,0,0,0,0,None
68216398,AVIATION,1,0,0,None,True,,0,0,0,0,0,0,High school
17983430,AVIATION,2,0,0,None,True,US,0,0,0,0,0,0,Associate
92283635,AVIATION,1,0,0,None,True,,0,0,0,0,0,1,High school
11614114,AVIATION,1,0,0,None,True,US,0,0,0,0,0,0,High school
61315605,AVIATION,3,0,0,None,True,,0,0,0,0,0,0,Bachelor
16850314,AVIATION,3,0,0,None,True,,0,0,1,0,0,0,Bachelor
11959428,AVIATION,2,0,0,None,True,,0,0,0,0,0,0,Associate
10395944,AVIATION,2,0,0,None,True,US,0,0,0,0,0,0,Associate
10189110,AVIATION,1,0,0,None,True,,0,0,0,0,0,0,High school
10567764,AVIATION,0,0,0,None,True,,0,0,1,0,0,0,None
30148777,AVIATION,1,0,0,None,True,,0,0,0,0,0,0,High school
24544244,AVIATION,3,0,0,None,False,,0,0,0,0,1,0,Bachelor
19284293,AVIATION,3,0,0,None,True,Canada,0,0,0,0,0,0,Bachelor
11752500,AVIATION,3,0,0,None,True,US,0,0,0,0,0,0,Bachelor
31536294,AVIATION,3,0,0,None,True,US,0,0,1,0,0,0,Bachelor
22442947,AVIATION,1,0,0,None,True,US,0,0,0,0,0,0,High school
27512470,AVIATION,1,0,0,None,True,US,0,0,0,0,0,0,High school
14874322,AVIATION,0,0,0,None,True,,0,0,0,0,0,0,None
23464505,AVIATION,4,0,0,None,True,,0,0,2,0,0,0,Master
12504278,AVIATION,0,0,0,None,True,,0,0,0,0,0,0,None
58048626,AVIATION,4,0,1,Male,False,,0,0,0,0,0,0,Master
15684810,AVIATION,2,0,0,None,True,US,0,0,0,0,0,1,Associate
17694572,AVIATION,0,0,0,None,True,,0,0,0,0,0,0,None
22168194,AVIATION,1,0,0,None,True,,0,0,0,0,0,0,High school
29595906,AVIATION,1,0,0,None,True,US,0,0,0,0,0,0,High school
77626587,AVIATION,3,0,0,None,False,,0,0,0,0,0,0,Bachelor
98389424,AVIATION,3,0,0,None,True,,0,0,0,0,0,0,Bachelor
38663892,AVIATION,3,0,0,None,True,US,0,0,0,0,0,0,Bachelor
17152392,AVIATION,3,0,0,None,True,,0,0,0,0,0,0,Bachelor
49646155,AVIATION,3,0,0,None,True,,0,0,0,0,0,0,Bachelor
33627938,AVIATION,4,0,0,None,True,,0,0,3,0,0,0,Master
12904972,AVIATION,4,0,0,None,True,US,0,0,0,0,0,0,Master
12239749,AVIATION,4,0,0,None,True,,0,0,0,0,0,1,Master
16279537,AVIATION,4,0,0,None,True,,0,0,0,0,0,0,Master
17008356,AVIATION,4,0,0,None,True,,0,0,0,0,0,0,Master
28020046,AVIATION,3,0,0,None,True,China,1,0,0,0,0,0,Bachelor
25625173,AVIATION,0,0,0,None,False,UK,0,0,0,0,0,0,None
29534737,AVIATION,0,0,0,None,True,,0,0,1,0,0,0,None
17655479,AVIATION,1,0,0,None,True,,0,0,0,0,0,0,High school
12043694,AVIATION,3,0,0,None,True,US,0,0,0,0,0,0,Bachelor
99416532,AVIATION,3,0,0,None,True,US,0,0,0,0,0,0,Bachelor
24589765,AVIATION,3,3,0,Female,True,,0,0,1,0,0,0,Bachelor
31605080,AVIATION,3,0,0,None,True,,0,0,0,0,0,0,Bachelor
21190805,AVIATION,3,0,0,None,True,,0,0,0,0,0,0,Bachelor
37473139,AVIATION,3,0,0,None,True,,0,0,1,0,0,0,Bachelor
